Topic Area,Topic,Progress Level,Exercise
Numbers and Operations,Understanding and representing numbers,B,"Schreibe die Zahl, die nach 48 kommt."
Numbers and Operations,Understanding and representing numbers,B,Zeige 28 mit Zehnern und Einer.
Numbers and Operations,Understanding and representing numbers,B,"Umrahme alle geraden Zahlen: 12, 15, 18, 21."
Numbers and Operations,Understanding and representing numbers,B,Welche Zahl hat 5 Zehner und 2 Einer?
Numbers and Operations,Understanding and representing numbers,B,"Vervollständige die Reihe: 40, 50, ___, 70."
Numbers and Operations,Understanding and representing numbers,B,"Schreibe die fehlende Zahl: ___, 91, 92, 93"
Numbers and Operations,Understanding and representing numbers,B,"Umkreise alle Zahlen, die größer als 25 sind: 14, 26, 30, 19."
Numbers and Operations,Understanding and representing numbers,B,Schreibe die Zahl in erweiterter Form: 46 = ___ + ___
Numbers and Operations,Understanding and representing numbers,C,Was ist der Stellenwert der 6 in der Zahl 6.524?
Numbers and Operations,Understanding and representing numbers,C,Runde 8.649 auf die nächste Hunderterstelle.
Numbers and Operations,Understanding and representing numbers,C,Wie viele Hunderter sind in 6.400 enthalten?
Numbers and Operations,Understanding and representing numbers,C,Lücke ausfüllen: 7.000 + 600 + ___ + 5 = 7.685
Numbers and Operations,Understanding and representing numbers,C,"Schreibe die kleinste 4-stellige Zahl, die du mit den Ziffern 4, 1, 8 und 0 bilden kannst."
Numbers and Operations,Understanding and representing numbers,C,Zeige den Bruch (½) mit einer Bruchleiste.
Numbers and Operations,Understanding and representing numbers,C,Schreibe 234 in erweiterter Form.
Numbers and Operations,Understanding and representing numbers,D,"Drücke 3,75 als Bruch aus."
Numbers and Operations,Understanding and representing numbers,D,"Vergleiche mit <, > oder =: 3,25 ___ 3,205"
Numbers and Operations,Understanding and representing numbers,D,Wandle die Zahl 27 (Dezimalsystem) in das Zweiersystem um.
Numbers and Operations,Understanding and representing numbers,D,"Schreibe 0,007 als Bruch in einfachster Form."
Numbers and Operations,Understanding and representing numbers,D,Stelle -5 auf einer Zahlengeraden dar.
Numbers and Operations,Understanding and representing numbers,D,Wandle 3/4 in eine Dezimalzahl um.
Numbers and Operations,Understanding and representing numbers,D,"Welcher Wert ist näher an Null: -3 oder -0,7?"
Numbers and Operations,Understanding and representing numbers,E,"Schreibe 4,56 als Bruch in einfachster Form."
Numbers and Operations,Understanding and representing numbers,E,Wandle 125 % in eine Dezimalzahl um.
Numbers and Operations,Understanding and representing numbers,E,Was ist der absolute Wert von -1309?
Numbers and Operations,Understanding and representing numbers,E,"Wandle 2,125 in eine gemischte Bruch um."
Numbers and Operations,Understanding and representing numbers,E,"Welchen Stellenwert hat die 6 in der Zahl 3,067?"
Numbers and Operations,Understanding and representing numbers,E,Drücke 7/8 als Dezimalzahl aus.
Numbers and Operations,Understanding and representing numbers,F,"Schreibe 3,2 × 10³ in der Standardform."
Numbers and Operations,Understanding and representing numbers,F,Schreibe √50 als Dezimalzahl mit zwei Dezimalstellen.
Numbers and Operations,Understanding and representing numbers,F,Schätze den Wert von √65 ohne Taschenrechner.
Numbers and Operations,Understanding and representing numbers,F,"Schreibe 0,00072 in wissenschaftlicher Notation."
Numbers and Operations,Understanding and representing numbers,F,Wandle die Zahl 125 in das Binärsystem um.
Numbers and Operations,Understanding and representing numbers,F,"Ist 4,333... (wiederholend) eine rationale oder irrationale Zahl? Warum?"
Numbers and Operations,Understanding and representing numbers,F,"Welcher der folgenden Zahlen ist irrational: 3,14159, 22/7, π?"
Numbers and Operations,Understanding and representing numbers,G,Wandle 5¼ in einen unechten Bruch um.
Numbers and Operations,Understanding and representing numbers,G,"Trage die Zahlen 3/4, √2 und –1,5 auf einer Zahlengeraden ein."
Numbers and Operations,Understanding and representing numbers,G,Schätze die Position von √5 auf einer Zahlengeraden.
Numbers and Operations,Understanding and representing numbers,G,Ist 11/7 näher an 1 oder an 2? Begründe deine Antwort.
Numbers and Operations,Understanding and representing numbers,H,Wandle die Dezimalzahl 156 in das Binär- und das Hexadezimalsystem um.
Numbers and Operations,Understanding and representing numbers,H,Stelle die hexadezimale Zahl 1A3 in binärer Form dar.
Numbers and Operations,Understanding and representing numbers,H,"Schreibe die Binärzahl 101101,11 als Dezimalzahl."
Numbers and Operations,Understanding and representing numbers,H,"Bestimme, welche der folgenden Zahlen irrational ist: π, 22⁄7, √2, √16."
Numbers and Operations,Understanding and representing numbers,H,Vergleiche 0x2F (hexadezimal) und 47 (dezimal) – sind sie gleich?
Numbers and Operations,Understanding and representing numbers,H,"Schreibe die wiederkehrende Dezimalzahl 0,142857... als Bruch."
Numbers and Operations,Understanding and performing operations,B,Was ergibt 6 + 7? ______
Numbers and Operations,Understanding and performing operations,B,Vervollständige die Gleichung: 9 + ___ = 14
Numbers and Operations,Understanding and performing operations,B,Finde das Ergebnis von 25 + 10 = ______
Numbers and Operations,Understanding and performing operations,B,Was ist 6 + 6 + 6? ______
Numbers and Operations,Understanding and performing operations,B,Ein Spielzeug kostet 12 Euro. Du zahlst mit einem 20-Euro-Schein. Wie viel Wechselgeld bekommst du zurück?
Numbers and Operations,Understanding and performing operations,B,"Schreibe einen Rechenansatz für folgendes: 'Sam hat 4 Äpfel. Er bekommt 3 weitere dazu.'"
Numbers and Operations,Understanding and performing operations,B,"Wähle den Zahlen Satz, der 12 ergibt: A) 8 + 4 B) 5 + 5 C) 6 + 3"
Numbers and Operations,Understanding and performing operations,B,Was ist größer: 4 + 3 oder 9 – 2? ______
Numbers and Operations,Understanding and performing operations,C,Finde das Ergebnis von 324 + 178 = ___
Numbers and Operations,Understanding and performing operations,C,Finde das Ergebnis von 5.000 − 1.237 = ___
Numbers and Operations,Understanding and performing operations,C,Berechne das Ergebnis von 36 × 4 = ___.
Numbers and Operations,Understanding and performing operations,C,Finde das Ergebnis von 48 ÷ 6 = ___
Numbers and Operations,Understanding and performing operations,C,"Was ist der Rest, wenn 25 durch 4 geteilt wird?"
Numbers and Operations,Understanding and performing operations,D,Berechne das Produkt von 234 und 12 mithilfe des schriftlichen Multiplikationsverfahrens.
Numbers and Operations,Understanding and performing operations,D,"Teile mit der lange Division: 75,6 ÷ 3,2"
Numbers and Operations,Understanding and performing operations,D,Multipliziere: ¾ × ⅖
Numbers and Operations,Understanding and performing operations,D,Finde den Quotienten: 9 ½ ÷ 3
Numbers and Operations,Understanding and performing operations,D,Addiere: 2 1/3 + 4 2/3
Numbers and Operations,Understanding and performing operations,E,"Verwende das assoziative Gesetz, um zu vereinfachen: (x + 5) + 7"
Numbers and Operations,Understanding and performing operations,E,Ein Hemd kostet 40 €. Es gibt einen Rabatt von 25 %. Wie hoch ist der Rabatt?
Numbers and Operations,Understanding and performing operations,E,Die Rechnung in einem Restaurant beträgt 72 €. Wie viel sind 10 % Trinkgeld?
Numbers and Operations,Understanding and performing operations,F,Addiere: (–3/4) + (2/5)
Numbers and Operations,Understanding and performing operations,F,Berechne: 3(2 + 5) – 4(1 – 2)
Numbers and Operations,Understanding and performing operations,F,Vereinfache: (–4)² + 3³ – 5²
Numbers and Operations,Understanding and performing operations,F,Vereinfache: [(4/5) + (1/2)] ÷ (3/10)
Numbers and Operations,Understanding and performing operations,F,Was ist der Wert von –√36?
Numbers and Operations,Understanding and performing operations,F,"Multipliziere: (–0,6) × (–2,5)"
Numbers and Operations,Understanding and performing operations,G,Vereinfache 3² × 3⁴ unter Verwendung der Exponentenregeln.
Numbers and Operations,Understanding and performing operations,G,Vereinfache (2x⁵)³
Numbers and Operations,Understanding and performing operations,G,Multipliziere und vereinfache: (3x²/2y)(4y²/9x)
Numbers and Operations,Understanding and performing operations,G,Den Nenner rationalisieren: 3 / √5
Numbers and Operations,Understanding and performing operations,H,Vereinfache: (2x² − 8)⁄(x² − 4)
Numbers and Operations,Understanding and performing operations,H,Vereinfache: (5√12 + 3√27)⁄√3
Numbers and Operations,Understanding and performing operations,H,Erweitere und vereinfache (a + b + c)².
Numbers and Operations,Understanding and performing operations,H,Berechne 2⁵ mod 7.
Numbers and Operations,Ordering numbers,B,"Ordne die folgenden Zahlen der Größe nach von klein nach groß: 42, 15, 37."
Numbers and Operations,Ordering numbers,B,"Umkreise die größte Zahl: 63, 56, 61"
Numbers and Operations,Ordering numbers,B,"Ordne diese Zahlen der Größe nach: 100, 10, 50"
Numbers and Operations,Ordering numbers,B,"Welches Zahl gehört nicht dazu? 41, 43, 46, 45"
Numbers and Operations,Ordering numbers,B,"Umkreise die Zahlen, die in der richtigen Reihenfolge sind: A) 44, 46, 45 B) 32, 34, 36"
Numbers and Operations,Ordering numbers,C,"Sortiere diese Zahlen der Größe nach: 4,209; 3,892; 4,102"
Numbers and Operations,Ordering numbers,C,Schreibe die folgenden Zahlen in absteigender Reihenfolge: 5.000; 5.300; 4.900; 5.100
Numbers and Operations,Ordering numbers,C,Fülle die Lücke aus: 2.345 < ___ < 2.789
Numbers and Operations,Ordering numbers,D,"Runde 345,67 auf die nächste ganze Zahl und auf die nächste Zehntelzahl."
Numbers and Operations,Ordering numbers,D,"Setze die folgenden Zahlen auf eine Zahlengerade: -1, ½, 0,25, -0,75."
Numbers and Operations,Ordering numbers,D,"Ordne die Zahlen von der größten zur kleinsten: -5, 7, -2, -8, 0"
Numbers and Operations,Ordering numbers,D,"Fülle die Lücke aus: ___ < 0,5 < ¾"
Numbers and Operations,Ordering numbers,D,"Ordne die Brüche: 5/6, 2/3, 3/4"
Numbers and Operations,Ordering numbers,E,"Ordne in absteigender Reihenfolge: ¾, 0,66, 2/3"
Numbers and Operations,Ordering numbers,E,"Runde die Beträge 13,78 €, 13,21 € und 13,50 € auf den nächsten vollen Euro und ordne sie anschließend."
Numbers and Operations,Ordering numbers,E,"Ordne die Werte: 3/4, 0,79, 76%"
Numbers and Operations,Ordering numbers,F,Vergleiche: 3² ___ 2³
Numbers and Operations,Ordering numbers,F,"Ordne die folgenden Zahlen auf der Zahlenlinie: π, 3,14, √10"
Numbers and Operations,Ordering numbers,F,"Wahr oder falsch: √3 > 1,7"
Numbers and Operations,Ordering numbers,F,"Ordne die Zahlen vom größten zum kleinsten: √11, 3,3, 10/3"
Numbers and Operations,Ordering numbers,G,"Bestimme, ob x < y < z zutrifft für x = 0,66, y = 2/3, z = 67%."
Numbers and Operations,Ordering numbers,G,"Vergleiche die Werte x = -3, y = 1 und z = 4 und schreibe eine Ungleichung, die diese Werte miteinander in Beziehung setzt."
Numbers and Operations,Ordering numbers,G,"Ordne die folgenden Werte von größtem zu kleinstem: 4², 2⁴ und 16."
Numbers and Operations,Ordering numbers,H,"Ordne 2i, 3 + 2i und 3 − i nach Betrag."
Numbers and Operations,Ordering numbers,H,"Ordne die komplexen Zahlen i, −1 + i, 2i nach ihrem Betrag."
Numbers and Operations,Ordering numbers,H,"Ordne die folgenden Werte: log₂ 3, log₃ 2, log₅ 5."
Numbers and Operations,Ordering numbers,H,"Platzieren Sie ∛5, ∛6 und 2 auf einer Zahlenlinie."
Numbers and Operations,Ordering numbers,H,"Ordne die folgenden Zahlen: 0b1010, 0xF, 13 (binär, hexadezimal, dezimal)"
Numbers and Operations,Applying Calculation Strategies,B,"Benutze eine Zahlenlinie, um das Ergebnis von 9 + 6 zu finden: ______"
Numbers and Operations,Applying Calculation Strategies,B,"Berechne die folgende Aufgabe, indem du Zehner und Einer zusammenzählst: 27 + 35"
Numbers and Operations,Applying Calculation Strategies,B,"Berechne die Summe der folgenden Zahlen, indem du auf die nächstgelegene Zehnerstelle rundest: 46 + 9"
Numbers and Operations,Applying Calculation Strategies,C,"Welche Strategie würdest du verwenden, um 400 − 198 schnell zu lösen?"
Numbers and Operations,Applying Calculation Strategies,C,Was ist eine gute Schätzung für 612 ÷ 9?
Numbers and Operations,Applying Calculation Strategies,C,"Verwende wiederholte Addition, um das Ergebnis von 7 × 6 = ___ zu finden."
Numbers and Operations,Applying Calculation Strategies,C,Verdopple und halbiere: 25 × 8 = ___
Numbers and Operations,Applying Calculation Strategies,C,"Welche zwei Schritte würdest du verwenden, um 75 × 12 zu berechnen?"
Numbers and Operations,Applying Calculation Strategies,C,Schätze mit Rundung: 51 × 19 und überprüfe dann dein Ergebnis.
Numbers and Operations,Applying Calculation Strategies,C,Zerlege zum Multiplizieren: 23 × 4 = ___
Numbers and Operations,Applying Calculation Strategies,D,"Schätze das Produkt von 398 × 52, indem du beide Zahlen rundest. Berechne anschließend die genaue Antwort, um deine Schätzung zu überprüfen."
Numbers and Operations,Applying Calculation Strategies,D,Subtrahiere: −15 − (−8)
Numbers and Operations,Applying Calculation Strategies,D,Wende die Reihenfolge der Operationen an: 6 + 3 × (8 − 5)²
Numbers and Operations,Applying Calculation Strategies,D,Berechne mithilfe der lange Division: 3.672 ÷ 16
Numbers and Operations,Applying Calculation Strategies,E,"Eine Jacke kostet 80 € und wird um 25 % reduziert, dann kommt eine Steuer von 10 % hinzu. Wie hoch ist der Endpreis?"
Numbers and Operations,Applying Calculation Strategies,E,"Schätze die Gesamtkosten von 7,85 €, 12,49 € und 4,30 €, indem du auf den nächsten Euro rundest."
Numbers and Operations,Applying Calculation Strategies,E,Ein Laptop kostet ursprünglich 850 € und wird um 20 % reduziert. Danach wird ein Gutschein über 50 € eingelöst. Wie hoch ist der endgültige Preis?
Numbers and Operations,Applying Calculation Strategies,E,"Verwende die Ausgleichsmethode, um schnell zu lösen: 199 + 68"
Numbers and Operations,Applying Calculation Strategies,F,"Verwende die Primfaktorzerlegung, um den größten gemeinsamen Teiler (ggT) von 36 und 60 zu bestimmen."
Numbers and Operations,Applying Calculation Strategies,F,Bestimme das kleinste gemeinsame Vielfache (kgV) von 18 und 24 mithilfe der Primfaktorzerlegung.
Numbers and Operations,Applying Calculation Strategies,F,Berechne: (2² × 3³) ÷ (2 × 3²)
Numbers and Operations,Applying Calculation Strategies,F,"Verwende Zehnerpotenzen: Was ergibt 3,26 × 1000?"
Numbers and Operations,Applying Calculation Strategies,G,"Verwende die Regeln der Exponenten, um den Ausdruck ((3x⁻²)/(x³))² zu vereinfachen."
Numbers and Operations,Applying Calculation Strategies,G,"Bestimme, ob das Multiplizieren mit dem Kehrwert oder die schriftliche Division besser geeignet ist für 5/6 ÷ 2/3."
Numbers and Operations,Applying Calculation Strategies,G,"Schätze √17, indem du nahegelegene perfekte Quadrate verwendest."
Numbers and Operations,Applying Calculation Strategies,G,"Verwende die Formel für die Differenz der Quadrate, um 100² – 99² zu vereinfachen."
Numbers and Operations,Applying Calculation Strategies,H,"Verwende die Formel a² − b², um 102² − 98² zu berechnen."
Numbers and Operations,Applying Calculation Strategies,H,"Wende die modulare Arithmetik an, um den Wochentag 100 Tage nach Mittwoch zu bestimmen."
Numbers and Operations,Applying Calculation Strategies,H,"Verwende die Binomische Formel, um (1,01)² zu schätzen."
Geometry,spatial orientation and positional relationships,B,"Bestimme links/rechts im Klassenzimmer."
Geometry,spatial orientation and positional relationships,B,Zeichne ein X in die untere linke Ecke des Blattes.
Geometry,spatial orientation and positional relationships,B,Färbe die drittletzte Form von rechts ein.
Geometry,spatial orientation and positional relationships,B,Setze ein X auf die linke Seite des Blattes.
Geometry,spatial orientation and positional relationships,C,"Wenn der Roboter nach Norden zeigt und sich 90° nach rechts dreht, in welche Richtung zeigt er dann?"
Geometry,spatial orientation and positional relationships,C,"Wenn du den Pfeil um 180° drehst, wohin zeigt er dann?"
Geometry,spatial orientation and positional relationships,D,In welche Richtung zeigt eine 90°-Drehung im Uhrzeigersinn von Norden?
Geometry,spatial orientation and positional relationships,D,"In welchem Quadranten befindet sich der Punkt (−3, 4)?"
Geometry,spatial orientation and positional relationships,D,"Wenn Punkt B bei (2, 3) liegt, welche neuen Koordinaten hat er, nachdem er 4 Einheiten nach unten bewegt wurde?"
Geometry,spatial orientation and positional relationships,D,"Eine Stadt liegt auf der Karte 3 cm östlich des Flughafens. Wie weit ist das in Kilometern, wenn der Maßstab 1 cm = 10 km beträgt?"
Geometry,spatial orientation and positional relationships,D,Auf einer Karte befindet sich die Schule in der Mitte. Die Bibliothek liegt nordöstlich von der Schule. Welche zwei Himmelsrichtungen beschreiben diesen Weg?
Geometry,spatial orientation and positional relationships,D,Du reist 20 km nach Süden und dann 15 km nach Osten. In welche Richtung bist du insgesamt unterwegs?
Geometry,spatial orientation and positional relationships,E,"Beschreibe die Wirkung einer Verschiebung (x, y) → (x + 2, y − 3)."
Geometry,spatial orientation and positional relationships,E,"Ein Lieferroboter bewegt sich von (0, 0) nach (4, 0) und danach nach oben zu (4, 3). Welche Koordinaten hat der Roboter nach beiden Bewegungen?"
Geometry,spatial orientation and positional relationships,E,"Auf einem Stadtplan startet ein Taxi bei (3, 3) und folgt folgendem Weg: 2 Block nach links, 1 Block nach oben, 5 Block nach rechts, 4 Block nach unten. Wo endet es?"
Geometry,spatial orientation and positional relationships,E,"Beschreibe die Transformation: (x, y) → (–x, y)"
Geometry,spatial orientation and positional relationships,F,"Ein Punkt bewegt sich von A(2, 3) nach B(7, –2). Drücke diese Bewegung als Vektor aus."
Geometry,spatial orientation and positional relationships,F,"Bestimme den Mittelpunkt der Strecke, die die Punkte (4, –1) und (–2, 5) verbindet."
Geometry,spatial orientation and positional relationships,F,"Ein Roboter folgt dem Vektor ⟨3, –4⟩, ausgehend von dem Punkt (1, 2). Wo landet er am Ende?"
Geometry,spatial orientation and positional relationships,F,Eine Drohne fliegt 4 Einheiten nach Norden und dann 3 Einheiten nach Westen. Wie lautet der Verschiebungsvektor?
Geometry,spatial orientation and positional relationships,F,"Drehe den Vektor ⟨2, 1⟩ um 90° gegen den Uhrzeigersinn. Wie lautet der neue Vektor?"
Geometry,spatial orientation and positional relationships,G,"Bestimme die Koordinaten des Punktes B, nachdem Punkt A(2, 3) um 90° im Uhrzeigersinn um den Ursprung rotiert wurde."
Geometry,spatial orientation and positional relationships,G,"Erkläre, wie man sich von Punkt A(0,0,0) zu Punkt B(3,2,5) im dreidimensionalen Raum bewegt."
Geometry,spatial orientation and positional relationships,G,"Bestimme, ob das Dreieck ABC mit A(1,1), B(3,4), C(5,7) rechtwinklig ist."
Geometry,spatial orientation and positional relationships,G,"Ein Punkt ist 2 Einheiten von A(2,3) und 2 Einheiten von B(6,3) entfernt. Beschreibe die möglichen Standorte dieses Punktes."
Geometry,spatial orientation and positional relationships,H,"Stellen Sie die Diagonale eines Würfels als Vektor im dreidimensionalen Raum dar, gegeben sind die Eckpunkte (0,0,0) und (1,1,1)."
Geometry,spatial orientation and positional relationships,H,"Bestimme den Winkel zwischen den beiden 3D-Vektoren: v₁ = (1, 2, 3) und v₂ = (4, -1, 0)."
Geometry,spatial orientation and positional relationships,H,"Bestimme die Koordinaten eines Punktes, nachdem er um 90° entlang der z-Achse im dreidimensionalen Raum rotiert wurde."
Geometry,spatial orientation and positional relationships,H,Beschreibe die Schnittlinie zwischen den Ebenen x + y + z = 3 und x − y = 1.
Geometry,spatial orientation and positional relationships,H,"Bestimme die Projektion des Vektors v = (3,4,0) auf den Vektor u = (1,0,0)."
Geometry,spatial orientation and positional relationships,H,"Finde einen Vektor, der sowohl zu (1,2,3) als auch zu (4,5,6) senkrecht steht."
Geometry,properties and relationships of figures and solids,B,Wie viele Ecken hat ein Dreieck?
Geometry,properties and relationships of figures and solids,B,Welche Form hat keine geraden Seiten?
Geometry,properties and relationships of figures and solids,B,"Was ist der Unterschied zwischen einem Quadrat und einem Rechteck?"
Geometry,properties and relationships of figures and solids,B,Zeichne eine Form mit 3 Ecken und 3 Seiten.
Geometry,properties and relationships of figures and solids,B,"Nenne zwei Formen, die nur gerade Seiten haben."
Geometry,properties and relationships of figures and solids,C,Wie viele Seiten hat ein Sechseck?
Geometry,properties and relationships of figures and solids,C,Wie viele Kanten hat ein Würfel?
Geometry,properties and relationships of figures and solids,C,Wahr oder falsch: Ein Rechteck ist immer ein Parallelogramm.
Geometry,properties and relationships of figures and solids,C,"Umkreise die Figur, die kein Polygon ist: Dreieck, Quadrat, Kreis."
Geometry,properties and relationships of figures and solids,C,"Welche Figur hat gegenüberliegende Seiten, die gleich lang und parallel sind?"
Geometry,properties and relationships of figures and solids,C,"Zeichne ein Viereck, das kein Quadrat ist."
Geometry,properties and relationships of figures and solids,D,Kann ein Dreieck zwei stumpfe Winkel haben? Begründe deine Antwort.
Geometry,properties and relationships of figures and solids,D,Wie viele Ecken hat eine dreieckige Pyramide?
Geometry,properties and relationships of figures and solids,D,Bestimme die Summe der Innenwinkel in einem Fünfeck.
Geometry,properties and relationships of figures and solids,D,Berechne den fehlenden Winkel: Ein Dreieck hat zwei Winkel von 45° und 70°.
Geometry,properties and relationships of figures and solids,E,Ein Dreieck hat die Winkel 40° und 65°. Wie groß ist der dritte Winkel?
Geometry,properties and relationships of figures and solids,E,"Ein Dreieck hat Seitenlängen von 6 cm, 6 cm und 4 cm. Bestimme die Art des Dreiecks anhand seiner Seiten."
Geometry,properties and relationships of figures and solids,E,"Ein Viereck hat drei Winkel mit den Maßen 90°, 85° und 95°. Wie groß ist der vierte Winkel?"
Geometry,properties and relationships of figures and solids,E,Bestimme die Summe der Innenwinkel in einem Sechseck.
Geometry,properties and relationships of figures and solids,F,"Erläutere, warum ein Quadrat sowohl ein Rechteck als auch ein Rhombus ist."
Geometry,properties and relationships of figures and solids,F,"Bestimme, ob ein Dreieck mit den Seitenlängen 5 cm, 7 cm und 11 cm spitzwinklig, rechtwinklig oder stumpfwinklig ist."
Geometry,properties and relationships of figures and solids,F,Vergleiche das Volumen eines Würfels mit einer Kantenlänge von 4 cm mit dem Volumen eines Quaders mit den Abmessungen 4 cm × 4 cm × 2 cm.
Geometry,properties and relationships of figures and solids,F,"Vergleiche die Oberfläche eines Würfels und einer Kugel mit dem gleichen Volumen. Berechne die Flächeninhalte der beiden Körper und ermittle, welcher Körper eine größere Oberfläche hat."
Geometry,properties and relationships of figures and solids,G,"Beschreibe den Querschnitt, der entsteht, wenn man einen Zylinder senkrecht durchschneidet."
Geometry,properties and relationships of figures and solids,G,Wende Eulers Formel auf ein Prismas mit 9 Flächen an.
Geometry,properties and relationships of figures and solids,G,"Bestimme die Art des Vierecks, in dem sich die Diagonalen im rechtem Winkel kreuzen und sich gegenseitig halbieren."
Geometry,properties and relationships of figures and solids,G,"Ein Dreieck hat die Seitenlängen 5 cm und 12 cm, und der eingeschlossene Winkel beträgt 60°. Verwende den Cosinussatz, um die Fläche des Dreiecks zu berechnen."
Geometry,properties and relationships of figures and solids,H,"Beweisen Sie, dass die gegenüberliegenden Winkel in einem zyklischen Viereck ergänzend sind."
Geometry,properties and relationships of figures and solids,H,"Gegeben sind vier Punkte im dreidimensionalen Raum: A(1, 2, 3), B(4, 5, 6), C(7, 8, 9) und D(10, 11, 12). Überprüfen Sie, ob diese Punkte auf der gleichen Ebene liegen."
Geometry,properties and relationships of figures and solids,H,"Beweisen Sie, dass der Schwerpunkt eines Dreiecks jede Mediatrix im Verhältnis 2:1 teilt, indem Sie Koordinaten verwenden."
Geometry,Designs and Drawings,B,Zeichne ein Quadrat und teile es in 4 gleich große Teile.
Geometry,Designs and Drawings,B,Zeichne mit einem Lineal ein Dreieck mit drei geraden Seiten.
Geometry,Designs and Drawings,B,"Zeichne mit einem Geodreieck eine gerade Linie, die 6 cm lang ist."
Geometry,Designs and Drawings,B,Welche dieser Figuren kannst du nur mit geraden Linien erstellen?
Geometry,Designs and Drawings,C,Zeichne ein Dreieck mit einem rechten Winkel.
Geometry,Designs and Drawings,C,"Benutze einen Geodreieck, um einen Winkel von 45° zu zeichnen."
Geometry,Designs and Drawings,C,Zeichne einen Würfel und verwende gestrichelte Linien für die verdeckten Kanten.
Geometry,Designs and Drawings,C,"Zeichne ein Dreieck und beschrifte seine Eckpunkte mit A, B und C."
Geometry,Designs and Drawings,D,"Zeichne ein Dreieck mit den Winkeln 40°, 60° und 80° unter Verwendung eines Geodreiecks."
Geometry,Designs and Drawings,D,"Benutze ein Lineal und einen Zirkel, um den gegebenen Winkel zu halbieren."
Geometry,Designs and Drawings,D,Konstruiere ein regelmäßiges Sechseck nur mit einem Zirkel und einem Geodreieck.
Geometry,Designs and Drawings,D,"Zeichne ein Dreieck mit den Seitenlängen 4 cm, 4 cm und 6 cm. Welche Art von Dreieck hast du gezeichnet?"
Geometry,Designs and Drawings,E,Konstruiere einen Winkel von 90° nur mit Hilfe eines Zirkels und eines Lineals.
Geometry,Designs and Drawings,E,"Konstruieren Sie eine Gerade, die parallel zu einer gegebenen Linie ist und durch einen Punkt verläuft, der nicht auf dieser Linie liegt."
Geometry,Designs and Drawings,E,Zeichne mit einem Koordinatensystem ein Dreieck und spiegle es an der x-Achse.
Geometry,Designs and Drawings,E,"Benutze Zirkel und Lineal, um einen Kreis in ein Dreieck einzuzeichnen."
Geometry,Designs and Drawings,E,"Konstruiere ein Parallelogramm mit AB = 6 cm, AD = 4 cm und dem Winkel ∠DAB = 60°, nur mit Lineal und Zirkel."
Geometry,Designs and Drawings,E,"Zeichne einen Kreis und markiere den Mittelpunkt, den Radius, den Durchmesser und eine Chordel."
Geometry,Designs and Drawings,F,"Zeichne in einem Koordinatensystem ein Parallelogramm, gegeben sind die drei Eckpunkte: A(1,1), B(4,1), C(5,3)."
Geometry,Designs and Drawings,F,"Zeichne ein Dreieck mit den Seitenlängen 5 cm, 7 cm und 8 cm, indem du nur einen Zirkel und ein Lineal verwendest."
Geometry,Designs and Drawings,F,Zeichne eine maßstabsgetreue Darstellung eines Dreiecks mit Seiten im Verhältnis 3:4:5.
Geometry,Designs and Drawings,G,Zeichne den Umkreis des gegebenen Dreiecks.
Geometry,Designs and Drawings,G,"Zeichne ein Dreieck mit den Winkeln ∠A = 40°, ∠B = 65° und der eingeschlossenen Seite AB = 7 cm."
Geometry,Designs and Drawings,G,"Verwende geometrische Ortslinien, um den Bereich zu konstruieren, der von den Punkten A(2, 3) und B(8, 3) gleich weit entfernt ist"
Geometry,Designs and Drawings,H,"Benutze einen Zirkel, um einen Kreis in 6 gleichmäßige Bögen zu unterteilen."
Geometry,Designs and Drawings,H,Zeichne die Winkelhalbierende von ∠ABC und markiere ihren Schnittpunkt mit einer Seite.
Geometry,Designs and Drawings,H,"Konstruiere ein Dreieck mit einer Basis von 8 cm, einer Höhe von 5 cm und einem Scheitelwinkel von 40°."
Geometry,symmetries and mappings,B,"Umkreise die Formen, die symmetrisch sind."
Geometry,symmetries and mappings,B,Färbe die passenden Hälften in der gleichen Farbe.
Geometry,symmetries and mappings,B,"Welche Buchstaben sind spiegelbildlich? A, B, C, D, E"
Geometry,symmetries and mappings,B,"Zeichne die Form, die entsteht, wenn das Quadrat über eine Linie gekippt wird."
Geometry,symmetries and mappings,C,"Welche Form hat mehr als eine Symmetrieachse: Quadrat, Rechteck oder Dreieck?"
Geometry,symmetries and mappings,C,Wahr oder falsch: Ein Kreis hat unendlich viele Symmetrieachsen.
Geometry,symmetries and mappings,C,"Nenne ein Beispiel für eine Figur, die genau eine Achse der Symmetrie besitzt."
Geometry,symmetries and mappings,C,"Welche Figur ist symmetrisch: Drachen, Parallelogramm, Trapez?"
Geometry,symmetries and mappings,D,"Drehe den Punkt (1, 4) um 90° im Uhrzeigersinn um den Ursprung."
Geometry,symmetries and mappings,D,"Spiegle den Punkt (2, 3) an der x-Achse. Bestimme den neuen Punkt."
Geometry,symmetries and mappings,D,"Übersetze den Punkt A(2, 3) um 4 Einheiten nach rechts und um 2 Einheiten nach unten."
Geometry,symmetries and mappings,D,Wie viele Symmetriachsen hat ein gleichseitiges Dreieck?
Geometry,symmetries and mappings,D,Hat ein Rechteck eine Drehspiegelung von 180°?
Geometry,symmetries and mappings,D,"Um wie viele Grad kann ein Quadrat gedreht werden, ohne dass es anders aussieht?"
Geometry,symmetries and mappings,E,Bestimme alle Symmetrieachsen eines regulären Sechsecks.
Geometry,symmetries and mappings,E,"Welche Transformation bewahrt Abstände und Winkel: Verschiebung, Skalierung oder Verzerrung?"
Geometry,symmetries and mappings,F,"Drehe das Dreieck mit den Eckpunkten A(1, 2), B(3, 2) und C(2, 4) um 180° um den Ursprung."
Geometry,symmetries and mappings,F,"Zeichne das Bild eines Dreiecks, nachdem es an der Linie y = x gespiegelt wurde."
Geometry,symmetries and mappings,F,"Verschiebe den Punkt P(–3, 5) um den Vektor ⟨4, –2⟩."
Geometry,symmetries and mappings,F,"Das Dreieck ABC hat die Eckpunkte A(1, 2), B(4, 2) und C(3, 5). Das Dreieck A′B′C′ hat die Eckpunkte A′(–1, 2), B′(–4, 2) und C′(–3, 5). Beschreibe die Transformation, die das Dreieck ABC in das Dreieck A′B′C′ abbildet."
Geometry,symmetries and mappings,G,"Schreibe die 2×2-Matrix, die eine Drehung um 90° im Uhrzeigersinn um den Ursprung durchführt."
Geometry,symmetries and mappings,G,"Wende die Inverse der Matrix [[2, 0], [0, 2]] auf den Punkt (8, -4) an und bestimme die resultierenden Koordinaten."
Geometry,symmetries and mappings,G,"Das Quadrat A hat die Ecken (0,0), (0,2), (2,2) und (2,0); das Quadrat B hat die Ecken (1,1), (1,3), (3,3) und (3,1). Beschreibe die Transformation, die A zu B abbildet."
Geometry,symmetries and mappings,G,"Figur A hat den Eckpunkt (1, 1), der bei einer Drehung um 180° nach (–1, –1) abgebildet wird. Bestimme den Drehpunkt dieser Drehung."
Geometry,symmetries and mappings,H,"Liste alle 8 Symmetrien (4 Drehungen, 4 Spiegelungen) auf, die ein Quadrat mit den Ecken (±1, ±1) unverändert lassen."
Geometry,symmetries and mappings,H,Bestimme die Ordnung der Symmetriegruppe eines regelmäßigen Sechsecks mit einer Seitenlänge von 5 cm.
Geometry,symmetries and mappings,H,"Wenden Sie die Matrix [[1, 0], [0, –1]] auf das Dreieck DEF mit den Eckpunkten D(2, 1), E(4, 3), F(2, 4) an und geben Sie die Koordinaten des Bildes an."
Geometry,measuring and calculating,B,Miss die Linie in Zentimetern: ______ cm
Geometry,measuring and calculating,B,Wie viele Schritte führst du von der Tür zu deinem Platz? ______
Geometry,measuring and calculating,B,"Umkreise die Einheit, die du verwenden würdest, um ein Buch zu messen: A) Liter B) Meter C) Zentimeter"
Geometry,measuring and calculating,C,Berechne den Umfang eines Rechtecks mit den Seitenlängen 6 cm und 4 cm.
Geometry,measuring and calculating,C,Berechne die Fläche eines Quadrats mit einer Seitenlänge von 5 cm.
Geometry,measuring and calculating,C,Eine Fläche hat eine Größe von 36 cm² und eine Länge von 6 cm. Wie groß ist die Breite?
Geometry,measuring and calculating,C,Ist ein 45° Winkel kleiner oder größer als ein rechter Winkel?
Geometry,measuring and calculating,D,Bestimme den Umfang eines Rechtecks mit einer Länge von 8 cm und einer Breite von 5 cm.
Geometry,measuring and calculating,D,Was ist das Volumen eines Würfels mit einer Seitenlänge von 4 cm?
Geometry,measuring and calculating,D,Ein Quadrat hat eine Fläche von 36 cm² – wie lang ist eine Seite?
Geometry,measuring and calculating,D,Miss und zeichne einen Winkel von 60°.
Geometry,measuring and calculating,D,"Bestimme den Umfang eines Kreises mit einem Durchmesser von 10 cm (verwende π ≈ 3,14)."
Geometry,measuring and calculating,D,"Wie viel Wasser passt in eine Kiste, die 10 cm lang, 6 cm breit und 4 cm hoch ist?"
Geometry,measuring and calculating,D,Ein rechtwinkliges Dreieck hat Katheten von 3 cm und 4 cm. Bestimme die Länge der Hypotenuse.
Geometry,measuring and calculating,E,"Ein Kreis hat einen Radius von 7 cm. Berechne den Umfang unter der Annahme, dass π ≈ 3,14."
Geometry,measuring and calculating,E,Ein Kreis hat einen Umfang von 18π cm. Wie groß ist sein Radius?
Geometry,measuring and calculating,E,Ein Sehne von 6 cm liegt 2 cm vom Mittelpunkt eines Kreises entfernt. Bestimme den Radius des Kreises.
Geometry,measuring and calculating,E,"Berechne die Fläche eines Rechtecks (10 cm × 6 cm), das mit einem darauf liegenden Dreieck (Basis 10 cm, Höhe 4 cm) kombiniert ist."
Geometry,measuring and calculating,E,Berechne das Volumen eines Zylinders mit einem Radius von 5 cm und einer Höhe von 8 cm. Verwende die Formel V = πr²h.
Geometry,measuring and calculating,E,Eine Form besteht aus zwei gleich großen Halbrundungen an jedem Ende eines Rechtecks (6 cm × 2 cm). Berechne den gesamten Umfang.
Geometry,measuring and calculating,E,"Verwende den Satz des Pythagoras, um die Hypotenuse eines rechtwinkligen Dreiecks zu berechnen, dessen Katheten 6 cm und 8 cm lang sind."
Geometry,measuring and calculating,F,Ein Zylinder hat eine Höhe von 6 cm und einen Radius von 4 cm. Berechne die Oberfläche mit der Formel OA = 2πr² + 2πrh.
Geometry,measuring and calculating,F,Berechne das Volumen eines Kegels mit einem Radius von 3 cm und einer Höhe von 8 cm.
Geometry,measuring and calculating,F,Ein rechteckiger Quader hat die Abmessungen 5 cm × 4 cm × 3 cm. Berechne sein Volumen und die Oberfläche.
Geometry,measuring and calculating,F,"Verwende Trigonometrie: In einem rechtwinkligen Dreieck berechne sin(θ), wenn die Gegenkathete = 5 und die Hypotenuse = 13 ist."
Geometry,measuring and calculating,F,"Ein Dreieck hat die Seitenlängen 7 cm, 24 cm und 25 cm. Beweise, dass es sich um ein rechtwinkliges Dreieck handelt."
Geometry,measuring and calculating,G,"In Dreieck ABC gelten die Winkel A = 40°, B = 65° und die Seite a = 10 cm. Verwende den Sinussatz, um die Seite b zu berechnen."
Geometry,measuring and calculating,G,"In Dreieck XYZ beträgt die Seite x = 6 cm, die Seite y = 7 cm und der Winkel Z = 60°. Benutze den Kosinussatz, um die Seite z zu berechnen."
Geometry,measuring and calculating,G,Berechne die Oberfläche einer Kugel mit einem Radius von 6 cm.
Geometry,measuring and calculating,G,"Ein Kreis hat einen Radius von 10 cm. Bestimme die Länge eines Bogens, der von einem 60°-Winkel eingeschlossen wird."
Geometry,measuring and calculating,G,"Bestimme den Umfang eines Dreiecks mit den Eckpunkten A(0, 0), B(3, 4) und C(6, 0)."
Geometry,measuring and calculating,G,Zwei Sehnen schneiden sich in einem Kreis und bilden einen Winkel von 35°. Die gegenüberliegenden Bögen messen 80° und 50°. Bestimme den Winkel zwischen den Sehnen.
Geometry,measuring and calculating,H,"Berechne die Oberfläche einer Kugel, die in einem Würfel mit einer Seitenlänge von 6 cm eingeschrieben ist."
Geometry,measuring and calculating,H,Bestimme den Winkel zwischen den Ebenen x + y + z = 0 und x − y = 0.
Geometry,measuring and calculating,H,"Wenn der Winkel A die Bedingung sin²A + cos²A = 1 erfüllt und tanA = 3/4 ist, bestimme den Winkel A in Grad."
Geometry,measuring and calculating,H,"Bestimmen Sie die Entfernung zwischen den schiefen Geraden L₁: (1,2,3) + t(1,0,–1) und L₂: (0,1,0) + s(1,1,1)."
Geometry,measuring and calculating,H,"Schätzen Sie die kürzeste Entfernung zwischen Paris (49°N, 2°O) und Kairo (30°N, 31°O) auf der Erdoberfläche."
Geometry,measuring and calculating,H,Ein Baum wirft einen 15 m langen Schatten bei einem Elevationswinkel von 35°. Bestimme die Höhe des Baumes mit Hilfe der Trigonometrie.
Sizes and measurement,Record and compare sizes,B,Ist 1 Meter länger oder kürzer als 50 cm? ______
Sizes and measurement,Record and compare sizes,B,"Vergleiche mit <, > oder = : 45 cm ___ 54 cm"
Sizes and measurement,Record and compare sizes,B,Schätze: Ist dein Schreibtisch etwa 1 Meter oder 10 Meter lang? ______
Sizes and measurement,Record and compare sizes,B,"Eine Flasche fasst 1 Liter Saft. Wenn du die Hälfte trinkst, wie viel bleibt übrig? ______ Liter"
Sizes and measurement,Record and compare sizes,B,"Das Fenster ist 1,5 Meter hoch. Ist das höher oder niedriger als du?"
Sizes and measurement,Record and compare sizes,B,Du läufst 300 Meter auf dem Spielplatz und 500 Meter im Sportunterricht. Wie viele Meter bist du insgesamt gelaufen? ______ Meter
Sizes and measurement,Record and compare sizes,C,"Vergleiche: 2 Liter ___ 1.500 Milliliter (verwende <, >, =)"
Sizes and measurement,Record and compare sizes,C,"Ein Buch ist 3 cm dick. Wie dick sind 5 Bücher, die übereinander gestapelt sind?"
Sizes and measurement,Record and compare sizes,C,Was wiegt mehr: 1 Kilogramm Äpfel oder 1.328 Gramm Bananen?
Sizes and measurement,Record and compare sizes,D,"Du hast drei Wasserkanister: 1,2 L, 2,35 L und 0,95 L. Wie viel Milliliter sind das insgesamt?"
Sizes and measurement,Record and compare sizes,D,Notiere die Temperatur von einem Thermometer – welche Kleidung würdest du tragen? (das Thermometer zeigt 18°C)
Sizes and measurement,Record and compare sizes,D,"Ein Objekt hat eine Dicke von 0,03 m. Wie viele solcher Objekte müsste man stapeln, um eine Höhe von 1,5 Metern zu erreichen?"
Sizes and measurement,Record and compare sizes,D,"Wandle 3,75 km in Meter um und ziehe anschließend 1.480 m ab – was ist das Ergebnis in Kilometern?"
Sizes and measurement,Record and compare sizes,E,"Ein Schüler rundet eine Messung von 3,78 m auf 4 m. Wie groß ist der relative Fehler in Prozent?"
Sizes and measurement,Record and compare sizes,E,"Schätze, ob 2 Gallonen Farbe ausreichen, um eine Fläche zu streichen, die 7,2 Liter Farbe benötigt."
Sizes and measurement,Record and compare sizes,E,"Eine Straße hat eine Länge von 1,2 Meilen. Wandle die Strecke in Kilometer um und entscheiden, ob sie über oder unter 2 km liegt."
Sizes and measurement,Record and compare sizes,F,"Eine Straße ist 5,6 km lang. Wie viele Meilen sind das? (Verwende 1 Meile ≈ 1,609 km)"
Sizes and measurement,Record and compare sizes,F,"Ein Tank fasst 1.200 Liter. Ein kleinerer Tank fasst 320 Gallonen. Welcher Tank kann mehr fassen? (1 Gallone ≈ 3,785 L)"
Sizes and measurement,Record and compare sizes,F,Eine Joggerin läuft 5 km in 30 Minuten. Wie hoch ist ihre Durchschnittsgeschwindigkeit in m/s?
Sizes and measurement,Record and compare sizes,G,"Ein Lichtjahr beträgt ungefähr 9,46 × 10¹² km. Drücke dies in Metern aus."
Sizes and measurement,Record and compare sizes,G,"Ein Blatt Papier ist 0,1 mm dick. Wie hoch ist ein Stapel von 2000 Blättern in cm?"
Sizes and measurement,Record and compare sizes,G,"Ein zylindrisches Rohr hat einen Radius von 4 cm und eine Höhe von 3 m. Vergleiche dessen Volumen mit dem eines anderen Rohres, das einen Radius von 6 cm und eine Höhe von 2,5 m hat."
Sizes and measurement,Record and compare sizes,H,"Vergleiche die Dicke eines menschlichen Haares (0,07 mm) mit der Planck-Länge (1,6 × 10⁻³⁵ m); um wie viel Mal größer ist das Haar?"
Sizes and measurement,Record and compare sizes,H,"Schätze, wie viele Regentropfen (Durchmesser ~2 mm) in einen 1-Liter-Behälter passen würden."
Sizes and measurement,Handling units of measurement,B,"Welche Einheit würdest du verwenden, um einen Bleistift zu messen: cm oder m? ______"
Sizes and measurement,Handling units of measurement,B,Welches ist schwerer: 1 kg oder 1 g?
Sizes and measurement,Handling units of measurement,B,"Markiere die Gegenstände, die du in Metern messen würdest: ___ Buch ___ Tisch ___ Tür"
Sizes and measurement,Handling units of measurement,C,Ein Krug fasst 1 ___ Saft (Liter oder Kilogramm)?
Sizes and measurement,Handling units of measurement,C,Wie viele Milliliter sind in 3 Litern enthalten?
Sizes and measurement,Handling units of measurement,C,"Wandle 4,289 mL in Liter um."
Sizes and measurement,Handling units of measurement,C,"Wandle 2,5 km in mm um."
Sizes and measurement,Handling units of measurement,D,Wandle 3.200 mm in Meter um.
Sizes and measurement,Handling units of measurement,D,"Wie viele Zentimeter sind in 4,75 Metern?"
Sizes and measurement,Handling units of measurement,D,Wandle 5.000 mg in Gramm um.
Sizes and measurement,Handling units of measurement,D,"Eine Flasche enthält 1,5 L Saft. Wie viele Gläser mit 250 mL kann sie füllen?"
Sizes and measurement,Handling units of measurement,D,Ein Läufer absolviert 4 Runden auf einer 400 m langen Bahn. Wie groß ist die Gesamtstrecke in km?
Sizes and measurement,Handling units of measurement,D,"Ein Paket wiegt 2,3 kg. Ein weiteres Paket wiegt 1.750 g. Welches ist schwerer und um wie viel?"
Sizes and measurement,Handling units of measurement,E,Ein Würfel hat ein Volumen von 64 cm³. Drücke dies in mm³ aus.
Sizes and measurement,Handling units of measurement,E,"Schreibe 1,2 Stunden im Format Stunden:Minuten um."
Sizes and measurement,Handling units of measurement,E,Eine Karte hat einen Maßstab von 1:1000. Welche Strecke entspricht 5 cm auf der Karte im echten Leben?
Sizes and measurement,Handling units of measurement,E,"Schreibe 1,75 Liter in Milliliter um."
Sizes and measurement,Handling units of measurement,E,"Ein Auto fährt 90 km in 1,5 Stunden. Wie hoch ist die Geschwindigkeit in km/h?"
Sizes and measurement,Handling units of measurement,F,"Wandle 60 Meilen pro Stunde in Kilometer pro Stunde um. (1 Meile = 1,609 km)"
Sizes and measurement,Handling units of measurement,F,"Wandle 0,007 km² in m² um."
Sizes and measurement,Handling units of measurement,F,Wandle eine Geschwindigkeit von 108 km/h in m/s um.
Sizes and measurement,Handling units of measurement,G,"Ein Rezept benötigt 0,75 Tassen Öl. Wie viel Milliliter sind das, wenn 1 Tasse 237 mL entspricht?"
Sizes and measurement,Handling units of measurement,G,"Ein Wassertank fasst 1,2 m³; drücke dies in Litern aus."
Sizes and measurement,Handling units of measurement,G,"Berechne die Masse von 100 mL Quecksilber in Gramm, wenn die Dichte 13,6 g/cm³ beträgt."
Sizes and measurement,Handling units of measurement,G,"Drücke 7,5 × 10⁻⁶ Sekunden in Mikrosekunden aus."
Sizes and measurement,Handling units of measurement,H,"Wandle 1,2 MJ (Megajoule) in kJ und J um."
Sizes and measurement,Handling units of measurement,H,Wandle 50°C in Fahrenheit um.
Sizes and measurement,Handling units of measurement,H,"Berechne die Länge von 5 Lichtjahren in Metern, indem du die Umrechnungszahl 1 Lichtjahr = 9,461 × 10¹⁵ m verwendest."
Sizes and measurement,Calculations of quantities,B,Ein Seil ist 85 cm lang. Du schneidest 30 cm ab. Wie viel bleibt übrig? ______
Sizes and measurement,Calculations of quantities,B,Ein Brett ist 6 Meter lang. Du schneidest es in 2 gleich lange Teile. Wie lang ist jedes Teil? ______
Sizes and measurement,Calculations of quantities,B,Gewichte kombinieren: 2 kg + 500 g = ______
Sizes and measurement,Calculations of quantities,B,"Du kaufst Gegenstände, die 5 €, 8 € und 3 € kosten. Wie viel kostet alles zusammen? ______"
Sizes and measurement,Calculations of quantities,C,Du kippst 750 ml Wasser in eine 1-Liter-Flasche. Wie viel Platz bleibt noch frei?
Sizes and measurement,Calculations of quantities,C,"Ein Brett ist 2,4 m lang. Du schneidest es in 3 gleich lange Teile. Wie lang ist jedes Teil?"
Sizes and measurement,Calculations of quantities,D,"Ein Quadrat hat eine Seitenlänge von 6,4 cm. Wie groß ist die Fläche des Quadrats?"
Sizes and measurement,Calculations of quantities,D,Berechne die Fläche eines Dreiecks mit einer Basis von 12 cm und einer Höhe von 9 cm.
Sizes and measurement,Calculations of quantities,D,Ein Grundriss hat 5 Räume mit den Maßen 5 m × 4 m und 3 Räume mit den Maßen 3 m × 2 m — wie groß ist die gesamte Fläche?
Sizes and measurement,Calculations of quantities,D,"Ein rechteckiger Behälter hat eine Länge von 12 cm, eine Breite von 5 cm und eine Höhe von 10 cm. Berechne das Volumen des Behälters."
Sizes and measurement,Calculations of quantities,D,Welches hat eine größere Fläche: ein Quadrat mit der Seitenlänge 6 cm oder ein Rechteck mit den Seitenlängen 5 cm und 8 cm?
Sizes and measurement,Calculations of quantities,E,Ein Kegel hat einen Radius von 4 cm und eine Höhe von 9 cm. Berechne das Volumen mit der Formel V = ⅓πr²h.
Sizes and measurement,Calculations of quantities,E,"Du möchtest eine Wand in deinem Zimmer streichen. Sie ist 4 m breit und 2,5 m hoch. Wie viele Quadratmeter Farbe benötigst du?"
Sizes and measurement,Calculations of quantities,E,"Du baust eine Sandkiste, die 2 m × 2 m groß und 0,3 m tief ist. Wie viel Sand in Kubikmetern wird benötigt, um sie zu füllen?"
Sizes and measurement,Calculations of quantities,E,"Ein zylindrischer Wassertank hat einen Durchmesser von 1,2 m und eine Höhe von 2 m. Schätze das Volumen des Wassers, das er in Litern halten kann."
Sizes and measurement,Calculations of quantities,E,Ein Blumenbeet besteht aus einem Rechteck (2 m × 1 m) mit einem Halbkreis an einer der kürzeren Seiten. Berechne die gesamte Fläche.
Sizes and measurement,Calculations of quantities,F,Ein Auto fährt 240 km in 3 Stunden. Wie hoch ist seine Geschwindigkeit in km/h?
Sizes and measurement,Calculations of quantities,F,"Eine Einzahlung von 1.000 € erzielt jährlich 2,5 % Zinsen. Wie viel Zinsen erhält man nach 2 Jahren?"
Sizes and measurement,Calculations of quantities,F,"Ein Spielzeug ist im Maßstab 1:20. Wenn das Modell 12 cm lang ist, wie lang ist das echte Objekt?"
Sizes and measurement,Calculations of quantities,F,Ein Auto verbraucht 8 Liter Kraftstoff auf 100 km. Wie viel Kraftstoff wird für eine Strecke von 350 km benötigt?
Sizes and measurement,Calculations of quantities,G,Bestimme die Oberfläche eines Kegels mit einem Radius von 5 cm und einer Mantelhöhe von 13 cm.
Sizes and measurement,Calculations of quantities,G,Ein Bauer möchte ein rundes Feld mit einem Radius von 45 m einzäunen. Wie viel Zaunmaterial benötigt er?
Sizes and measurement,Calculations of quantities,G,"Eine Wasserrechnung basiert auf 1,75 € pro m³. Wie viel kostet der Verbrauch von 18,6 m³?"
Sizes and measurement,Calculations of quantities,H,Berechne die Wellenlänge einer 100 MHz Radiowelle in Luft (Lichtgeschwindigkeit ≈ 3×10⁸ m/s).
Sizes and measurement,Calculations of quantities,H,Berechne die Wellenlänge einer Wasserwelle mit einer Periodendauer von 5 Sekunden und einer Geschwindigkeit von 3 m/s.
Sizes and measurement,Calculations of quantities,H,Ein Satellit umkreist die Erde in einer Höhe von 400 km. Schätze die Sichtfläche des Satelliten mit der Formel Fläche = 2πRh.
Sizes and measurement,Calculations of quantities,H,"Berechne die Gesamtmasse der Luft in einem Raum mit den Abmessungen 5 m × 4 m × 2,5 m, wobei die Dichte der Luft 1,225 kg/m³ beträgt."
Sizes and measurement,Calculations of quantities,H,"Bestimme das Gewicht von 0,5 m³ Beton, wenn seine Dichte 2400 kg/m³ beträgt."
Sizes and measurement,Calculations of quantities,H,"Schätze die gesamte Energieausbeute eines 1,5 kW Solarpanels, das 6 Stunden pro Tag über einen Zeitraum von 30 Tagen betrieben wird."
Data frequencies and probabilities,"Collect, display and read data",B,"Zähle und notiere, wie viele Schüler in deiner Klasse blaue Augen haben."
Data frequencies and probabilities,"Collect, display and read data",B,"Zeichne Strichlisten, um zu zeigen, wie viele Haustiere deine Freunde haben."
Data frequencies and probabilities,"Collect, display and read data",B,"Zähle die gesamte Anzahl der Tiere, die in der Tabelle dargestellt sind."
Data frequencies and probabilities,"Collect, display and read data",B,Sieh dir das Diagramm an. Sind mehr Menschen mit dem Auto oder mit dem Bus gereist?
Data frequencies and probabilities,"Collect, display and read data",C,"Zeichne ein Säulendiagramm, um darzustellen, wie viele Haustiere jeder Klassenkamerad hat."
Data frequencies and probabilities,"Collect, display and read data",C,"Wie viele Schüler mögen Blau mehr als Grün, laut dem Piktogramm?"
Data frequencies and probabilities,"Collect, display and read data",C,Lese die Temperatur um 14 Uhr aus dem Liniendiagramm ab.
Data frequencies and probabilities,"Collect, display and read data",C,"Aus der Umfrage. Erstelle eine Tabelle, die zeigt, wie viele Bücher jeder Schüler in einer Woche gelesen hat."
Data frequencies and probabilities,"Collect, display and read data",C,"Fülle die fehlenden Werte in der Häufigkeitstabelle aus: Äpfel – 7, Bananen – __, Orangen – 5, Trauben – __, Gesamt – 20"
Data frequencies and probabilities,"Collect, display and read data",C,"Erstelle ein Liniendiagramm mit den folgenden täglichen Schrittzahlen: Sonntag – 4.500, Montag – 6.200, Dienstag – 7.100, Mittwoch – 5.800, Donnerstag – 6.900, Freitag – 7.500, Samstag – 8.000."
Data frequencies and probabilities,"Collect, display and read data",D,"Erstelle eine Häufigkeitstabelle für die folgenden Zahlen: 2, 3, 2, 4, 3, 2, 5."
Data frequencies and probabilities,"Collect, display and read data",D,"Zeichne ein Kreisdiagramm für die folgenden Daten: Äpfel (4), Bananen (7), Orangen (3)."
Data frequencies and probabilities,"Collect, display and read data",D,Messe und notiere die Handspannweiten von 5 Klassenkameraden und ordne die Daten.
Data frequencies and probabilities,"Collect, display and read data",D,"Ordne die Ergebnisse der Lieblingsfächer von 10 Schülern (Mathe, Englisch) nach Geschlecht in einer zweidimensionalen Tabelle."
Data frequencies and probabilities,"Collect, display and read data",D,Sammle und ordne die Körpergrößen der Klasse in Intervallen (z. B. 120–130 cm) in einem Strichliste-Diagramm.
Data frequencies and probabilities,"Collect, display and read data",E,"Untersuche das folgendes Diagramm. Achte besonders auf die y-Achse, die nicht bei null beginnt. Identifiziere und erkläre, inwiefern dies die Darstellung der Daten irreführend macht."
Data frequencies and probabilities,"Collect, display and read data",E,"Erstelle ein Stamm-Blatt-Diagramm für: 32, 34, 36, 41, 43, 45, 48."
Data frequencies and probabilities,"Collect, display and read data",E,"Erstelle ein Histogramm aus gruppierten Intervallen von Quiznoten: 0–10, 11–20, usw."
Data frequencies and probabilities,"Collect, display and read data",E,Ein Zeitreihendiagramm zeigt das Bevölkerungswachstum alle 10 Jahre von 1960 bis 2020. Wie hoch ist die durchschnittliche Wachstumsrate pro Jahrzehnt?
Data frequencies and probabilities,"Collect, display and read data",E,"Berechne das untere und obere Quartil der Datenmenge: {3, 5, 7, 8, 9, 10, 12, 15, 18}"
Data frequencies and probabilities,"Collect, display and read data",F,"Die Körpergrößen (in cm) von 10 Schülern sind: [150, 152, 155, 157, 160, 160, 162, 165, 167, 170]. Bestimme den Median und die Interquartilsdistanz."
Data frequencies and probabilities,"Collect, display and read data",F,"Interpretiere dieses Stängel- und Blätterdiagramm: 1 | 2 5 8, 2 | 1 3 6 9, 3 | 0 4 — Was ist der Modus?"
Data frequencies and probabilities,"Collect, display and read data",F,"Gegeben ist ein Datensatz: [15, 17, 18, 20, 21, 22, 23, 30]. Stelle ein Boxplot dar."
Data frequencies and probabilities,"Collect, display and read data",F,"Aus einem Kreisdiagramm, das die auf Hausaufgaben verwendete Zeit zeigt (Mathematik 25 %, Naturwissenschaften 35 %, Englisch 40 %), schätze die Zeit, die für Mathematik aufgewendet wurde, wenn die Gesamtzeit 4 Stunden beträgt."
Data frequencies and probabilities,"Collect, display and read data",G,"Eine Häufigkeitstabelle zeigt die Testergebnisse mit den Intervallen 40-49 (3), 50-59 (5), 60-69 (8), 70-79 (4); zeichne ein Histogramm."
Data frequencies and probabilities,"Collect, display and read data",G,"Zeichne die kumulative Häufigkeitskurve aus: 0–10 (2), 10–20 (6), 20–30 (9), 30–40 (3)."
Data frequencies and probabilities,"Collect, display and read data",G,"Eine Umfrage in der Klasse zeigt, dass 12 Schüler Mathe mögen, 8 Schüler Naturwissenschaften mögen und 5 Schüler mögen beides. Stelle die Ergebnisse in einem Venn-Diagramm dar."
Data frequencies and probabilities,"Collect, display and read data",G,"Gegeben sind die gruppierten Daten: 0–5 (3), 5–10 (7), 10–15 (12). Schätze die Modalklasse."
Data frequencies and probabilities,"Collect, display and read data",H,Zähle die Anzahl der vorbeifahrenden Autos in 5-Minuten-Intervallen über einen Zeitraum von 1 Stunde und stelle die Ergebnisse in einem Zeitdiagramm dar.
Data frequencies and probabilities,"Collect, display and read data",H,"Verwende ein Punktdiagramm, um die Verteilung der täglichen Temperaturen über einen Zeitraum von 14 Tagen darzustellen: 15–22°C."
Data frequencies and probabilities,"Collect, display and read data",H,Erstelle eine Übersicht über den monatlichen Energieverbrauch für ein ganzes Jahr. Trage die Daten in ein Liniendiagramm ein und analysiere die saisonalen Unterschiede im Verbrauch.
Data frequencies and probabilities,"Collect, display and read data",H,"Ein Kreisdiagramm zeigt die Kategorien A, B und C mit zentralen Winkeln von 90°, 120° und 150°. Bestimme den Prozentsatz für jede Kategorie."
Data frequencies and probabilities,Compare and evaluate data,B,"Betrachte das folgende Balkendiagramm: An welchen zwei Tagen trugen die meisten Schüler Hüte? [Mo (5), Di (5), Mi (4), Do (1), Fr (3)]"
Data frequencies and probabilities,Compare and evaluate data,B,"An welchem Tag fiel der meiste Regen: Montag (20 mm), Dienstag (12 mm), Mittwoch (25 mm)?"
Data frequencies and probabilities,Compare and evaluate data,B,"Bestimme den Unterschied zwischen dem höchsten und dem tiefsten Wert in der folgenden Zahlensammlung: 3, 6, 8, 5, 3, 2."
Data frequencies and probabilities,Compare and evaluate data,B,"Welche Farbe hatte die mittlere Anzahl an Stimmen: Rot (4), Blau (7), Grün (3)?"
Data frequencies and probabilities,Compare and evaluate data,C,Bestimme den Unterschied zwischen dem höchsten und dem niedrigsten Wert in dem Säulendiagramm.
Data frequencies and probabilities,Compare and evaluate data,C,"Berechne den Durchschnitt dieser Testnoten: 80, 85, 90, 95, 100."
Data frequencies and probabilities,Compare and evaluate data,C,"Berechne die Spannweite: 45, 39, 50, 48"
Data frequencies and probabilities,Compare and evaluate data,C,"Welche Zahl fehlt, wenn der Durchschnitt von 3 Zahlen 10 beträgt und zwei von ihnen 8 und 12 sind?"
Data frequencies and probabilities,Compare and evaluate data,C,An welchem Tag gab es den größten Anstieg der Werte im Liniendiagramm?
Data frequencies and probabilities,Compare and evaluate data,D,"Vergleiche den Durchschnitt von zwei Datensätzen: A = [3, 4, 5], B = [5, 6, 7]."
Data frequencies and probabilities,Compare and evaluate data,D,"Welches Datenset hat eine größere Streuung: [5, 10, 15] oder [8, 9, 10]?"
Data frequencies and probabilities,Compare and evaluate data,D,"Bestimme den Median der folgenden Daten: 7, 9, 12, 10, 11."
Data frequencies and probabilities,Compare and evaluate data,E,"Interpretiere, was ein kleiner Interquartilsabstand über einen Datensatz aussagt."
Data frequencies and probabilities,Compare and evaluate data,E,Analysiere ein Boxplot und erkläre die Streuung sowie die Schiefheit der Daten.
Data frequencies and probabilities,Compare and evaluate data,E,"Welche Maßzahl (Mittelwert, Median, Modalwert) repräsentiert die folgenden Daten am besten: 3, 3, 3, 4, 100?"
Data frequencies and probabilities,Compare and evaluate data,E,"Ein Datensatz hat die Werte: 5, 6, 7, 8, 9, 50. Bestimme den Mittelwert und den Median. Welche Maßzahl wird stärker durch den Ausreißer beeinflusst?"
Data frequencies and probabilities,Compare and evaluate data,E,"Interpretiere ein Boxplot, bei dem der Median viel näher an Q1 als an Q3 liegt. Was deutet dies über die Daten an?"
Data frequencies and probabilities,Compare and evaluate data,F,Die Durchschnittswerte von zwei Klassen sind 78 und 83. Die Spannweiten der Tests betragen 20 und 5. Welche Klasse hat konsistentere Ergebnisse?
Data frequencies and probabilities,Compare and evaluate data,F,"Datensatz A: [10, 10, 10, 10, 10]; Datensatz B: [6, 8, 10, 12, 14]. Welcher Datensatz hat eine höhere Standardabweichung?"
Data frequencies and probabilities,Compare and evaluate data,F,"Verkaufsdaten: Januar – 40, Februar – 38, März – 39, April – 85. Ist der Wert im April ein Ausreißer? Begründe deine Antwort."
Data frequencies and probabilities,Compare and evaluate data,F,Ein durchschnittliches Einkommen von 50.000 Euro wird angegeben. Die meisten Personen in den Daten verdienen jedoch weniger als 30.000 Euro. Was deutet dies über die Verteilung der Daten an?
Data frequencies and probabilities,Compare and evaluate data,F,"In einer Gruppe von 10 Schülern haben die Schüler im Durchschnitt 6 Bücher gelesen. Wenn 2 Schüler 0 Bücher gelesen haben, wie wirkt sich das auf den Durchschnitt aus?"
Data frequencies and probabilities,Compare and evaluate data,G,"Vergleiche die Interquartilabstände der Datensätze A (Q1=12, Q3=28) und B (Q1=14, Q3=22)."
Data frequencies and probabilities,Compare and evaluate data,G,"Verwende z-Transformationen, um Student A (Punktzahl 85, μ=80, σ=5) und Student B (Punktzahl 92, μ=88, σ=3) zu vergleichen."
Data frequencies and probabilities,Compare and evaluate data,G,"Vier Schüler rannten eine Meile in folgenden Zeiten (in Minuten): – Alex: 8,3  – Brianna: 9,6  – Carlos: 8,7  – Diana: 9,2. Die durchschnittliche Zeit beträgt 9,0 Minuten mit einer Standardabweichung von 0,4 Minuten. Berechne den z-Wert für jeden Schüler und ordne dann die Schüler von der schnellsten zur langsamsten Zeit relativ zum Durchschnitt (nicht nur zur tatsächlichen Zeit)."
Data frequencies and probabilities,Compare and evaluate data,G,"Zwei Streudiagramme werden analysiert: – Diagramm A (Lernzeit vs. Note): r = 0,88 – Diagramm B (Fernsehstunden vs. Note): r = -0,12. Gib an, ob die Beziehung in jedem Diagramm positiv, negativ oder nicht vorhanden ist."
Data frequencies and probabilities,Compare and evaluate data,H,"Überprüfe, ob ein Würfel fair ist, basierend auf den beobachteten Frequenzen: {1: 18, 2: 16, 3: 20, 4: 14, 5: 17, 6: 15}."
Data frequencies and probabilities,Compare and evaluate data,H,"Bestimme, welcher Schüler im Vergleich zu seiner Klasse besser abgeschnitten hat: 88 Punkte in einem Test mit μ = 80, σ = 5 gegenüber 91 Punkten in einem Test mit μ = 85, σ = 4."
Data frequencies and probabilities,Compare and evaluate data,H,"Berechne mit der z-Score-Formel, wie viele Standardabweichungen der Wert 92 vom Durchschnittswert 85 entfernt ist, wenn die Standardabweichung σ = 3 beträgt."
Data frequencies and probabilities,Compare and evaluate data,H,"Berechne den Korrelationskoeffizienten für die folgenden Paardaten: x = {2, 4, 6}, y = {3, 7, 11}"
Data frequencies and probabilities,Compare and evaluate data,H,"Bewerte die Zuverlässigkeit eines Datensatzes von 500 COVID-19-Testresultaten, bei dem 8 falsch-positive und 4 falsch-negative Ergebnisse vorliegen."
Data frequencies and probabilities,Understanding probabilities,B,Ein Spinner hat 3 rote Segmente und 1 blaues. Welche Farbe hat die höhere Wahrscheinlichkeit?
Data frequencies and probabilities,Understanding probabilities,B,"Wie hoch ist die Wahrscheinlichkeit, eine 6 zu würfeln? A) Immer B) Manchmal C) Nie"
Data frequencies and probabilities,Understanding probabilities,B,"Ist es sicher, möglich oder unmöglich, die Sonne nachts zu sehen?"
Data frequencies and probabilities,Understanding probabilities,C,"Wie hoch ist die Wahrscheinlichkeit, eine Münze zu werfen und Kopf zu erhalten?"
Data frequencies and probabilities,Understanding probabilities,C,"Was ist die Wahrscheinlichkeit, einen Wochentag aus einer Liste von allen 7 Tagen auszuwählen?"
Data frequencies and probabilities,Understanding probabilities,C,"Ein Würfel zeigt die Zahlen 1 bis 6. Wie hoch ist die Wahrscheinlichkeit, eine gerade Zahl zu würfeln?"
Data frequencies and probabilities,Understanding probabilities,C,"Was bedeutet es, wenn ein Ereignis eine Wahrscheinlichkeit von 0 hat?"
Data frequencies and probabilities,Understanding probabilities,C,Kann die Wahrscheinlichkeit eines Ereignisses größer als 1 sein? (Ja oder Nein)
Data frequencies and probabilities,Understanding probabilities,C,Was ist sicherer: eine Zahl unter 10 mit einem Standardwürfel zu würfeln oder Kopf zu werfen?
Data frequencies and probabilities,Understanding probabilities,D,"Was ist die Wahrscheinlichkeit, eine gerade Zahl beim Würfeln mit einem Standardwürfel zu erzielen?"
Data frequencies and probabilities,Understanding probabilities,D,"Ein Glücksrad hat 5 gleich große Abschnitte. Wie hoch ist die Wahrscheinlichkeit, dass der Zeiger auf einem bestimmten Abschnitt landet? Drücke die Wahrscheinlichkeit als Bruch aus."
Data frequencies and probabilities,Understanding probabilities,D,"Was ist die Wahrscheinlichkeit, eine rote Kugel aus einem Beutel mit 2 roten, 3 blauen und 5 grünen Kugeln zu ziehen? Berechne den Prozentsatz."
Data frequencies and probabilities,Understanding probabilities,D,"Eine Zahl wird aus den Zahlen 1 bis 10 ausgewählt. Wie hoch ist die dezimale Wahrscheinlichkeit, eine Zahl kleiner als 6 zu ziehen?"
Data frequencies and probabilities,Understanding probabilities,E,"Ein Spinner ist in 8 gleich große Teile unterteilt: 3 rote, 2 blaue und 3 gelbe Teile. Wie groß ist die Wahrscheinlichkeit P(Blaue)?"
Data frequencies and probabilities,Understanding probabilities,E,"Zwei Würfel werden geworfen. Wie hoch ist die Wahrscheinlichkeit, dass die Augensumme 7 beträgt?"
Data frequencies and probabilities,Understanding probabilities,E,"Wenn die Wahrscheinlichkeit zu gewinnen 0,4 beträgt, wie oft erwartest du, in 50 Versuchen zu gewinnen?"
Data frequencies and probabilities,Understanding probabilities,E,"In einer Sockenschublade befinden sich 5 schwarze, 4 weiße und 3 graue Socken. Wie hoch ist die Wahrscheinlichkeit, dass du keinen schwarzen Socke ziehst?"
Data frequencies and probabilities,Understanding probabilities,E,"EinSpinner hat 4 gleich große Felder. Die theoretische Wahrscheinlichkeit, dass rot kommt, beträgt 0,25. Bei 40 Drehungen kommt rot 18 Mal vor. Vergleiche die experimentelle und die theoretische Wahrscheinlichkeit."
Data frequencies and probabilities,Understanding probabilities,E,"Du würfelst 60 Mal und erzielst dabei in 7 Fällen eine 3. Wie hoch ist die experimentelle Wahrscheinlichkeit, eine 3 zu würfeln?"
Data frequencies and probabilities,Understanding probabilities,F,"Eine Münze wird zweimal geworfen. Wie hoch ist die Wahrscheinlichkeit, genau einmal Kopf zu erhalten?"
Data frequencies and probabilities,Understanding probabilities,F,"Zwei Würfel werden geworfen. Wie hoch ist die Wahrscheinlichkeit, dass die Augenzahl der beiden Würfel zusammen 9 ergibt?"
Data frequencies and probabilities,Understanding probabilities,F,"Gegeben seien die Wahrscheinlichkeiten P(A) = 0,6 und P(B) = 0,3. Wenn A und B unabhängig sind, berechne die Wahrscheinlichkeit P(A und B)."
Data frequencies and probabilities,Understanding probabilities,F,Ein Spiel wirbt mit einer Gewinnchance von 1 zu 500. Wie lautet diese Wahrscheinlichkeit als Dezimalzahl?
Data frequencies and probabilities,Understanding probabilities,F,"Eine Karte wird aus einem Standarddeck gezogen. Wie hoch ist die Wahrscheinlichkeit, dass es sich um eine Bildkarte oder ein Herz handelt?"
Data frequencies and probabilities,Understanding probabilities,F,"In einem Sack befinden sich 10 blaue, 5 rote und 5 grüne Bälle. Wie hoch ist die Wahrscheinlichkeit, keinen blauen Ball zu ziehen?"
Data frequencies and probabilities,Understanding probabilities,G,"In einer Gruppe von 20 Schülern nehmen 12 am Matheunterricht teil, 7 am Naturwissenschaftsunterricht und 5 nehmen an beiden Fächern teil. Bestimme P(Mathematik ∪ Naturwissenschaften)."
Data frequencies and probabilities,Understanding probabilities,G,"Nutze die Additionsregel: P(A) = 0,4, P(B) = 0,3, P(A ∩ B) = 0,1; bestimme P(A ∪ B)."
Data frequencies and probabilities,Understanding probabilities,G,"Eine Box enthält 4 grüne, 3 rote und 2 gelbe Murmeln; zwei werden ohne Zurücklegen gezogen. Berechne die Wahrscheinlichkeit, dass zuerst eine grüne und dann eine rote Murmel gezogen wird."
Data frequencies and probabilities,Understanding probabilities,G,"In einer Umfrage geben 35% an, Kaffee zu mögen, 45% Tee und 20% beide Getränke. Berechne die Wahrscheinlichkeit, dass jemand weder Kaffee noch Tee mag."
Data frequencies and probabilities,Understanding probabilities,H,"Eine Fabrik hat 3 Maschinen, die Produkte mit Fehlerquoten von 2%, 4% und 5% herstellen. Berechne die Gesamtrate an fehlerhaften Produkten, wenn die Maschinen jeweils 40%, 35% und 25% der Gesamtproduktion ausmachen."
Data frequencies and probabilities,Understanding probabilities,H,"Eine Charge hat eine Fehlerrate von 5 %. Bestimmen Sie die Wahrscheinlichkeit, dass in einer zufällig ausgewählten Stichprobe von 4 Stück keines defekt ist."
Data frequencies and probabilities,Understanding probabilities,H,"Schätze den erwarteten Wert eines Lotterietickets, das 2 € kostet und eine Chance von 1⁄1000 hat, 500 € zu gewinnen."
Data frequencies and probabilities,Understanding probabilities,H,"Wenn die Wahrscheinlichkeit, dass eine Maschine an einem Tag ausfällt, 0,01 beträgt, wie hoch ist die Wahrscheinlichkeit, dass sie 100 Tage ohne Ausfall funktioniert?"
Data frequencies and probabilities,Combinatorics,B,"Färbe alle unterschiedlichen Möglichkeiten ein, um rote, blaue und gelbe Blöcke anzuordnen."
Data frequencies and probabilities,Combinatorics,B,"Zeichne alle Möglichkeiten, eine Flagge mit 2 Streifen in rot und blau zu färben."
Data frequencies and probabilities,Combinatorics,B,"Auf wie viele Arten kannst du 3 Würfel: A, B, C anordnen?"
Data frequencies and probabilities,Combinatorics,C,Wie viele Outfits kannst du mit 2 Hemden und 3 Hosen zusammenstellen?
Data frequencies and probabilities,Combinatorics,C,Auf wie viele verschiedene Arten kannst du 2 Schüler aus einer Gruppe von 4 aufstellen?
Data frequencies and probabilities,Combinatorics,C,"Verwende das Zählprinzip: 5 T-Shirts, 2 Hosen und 3 Paar Schuhe – wie viele verschiedene Outfits kannst du damit zusammenstellen?"
Data frequencies and probabilities,Combinatorics,C,"Zeichne ein Baumdiagramm, um alle möglichen Ergebnisse beim Werfen einer Münze und Würfeln eines Zahlencubes darzustellen."
Data frequencies and probabilities,Combinatorics,D,Du wirfst eine Münze zweimal. Liste alle möglichen Ergebnisse auf.
Data frequencies and probabilities,Combinatorics,D,"Ein Passwort besteht aus 2 Buchstaben, gefolgt von 1 Ziffer. Wie viele unterschiedliche Passwörter sind möglich, wenn die Buchstaben A, B, C und die Ziffern 1, 2 verwendet werden?"
Data frequencies and probabilities,Combinatorics,D,"Wie viele verschiedene Menüs kannst du mit 2 Vorspeisen, 3 Hauptgerichten und 2 Nachspeisen zusammenstellen?"
Data frequencies and probabilities,Combinatorics,D,"Wie viele Möglichkeiten gibt es, dass 4 Schüler auf 4 Stühlen in einer Reihe sitzen?"
Data frequencies and probabilities,Combinatorics,E,Auf wie viele Arten kannst du 2 Schüler aus einer Gruppe von 6 auswählen? Verwende die Kombinationsnotation.
Data frequencies and probabilities,Combinatorics,E,In wie vielen verschiedenen Weisen können 4 Freunde in einer Reihe von 4 Stühlen platziert werden? Verwende die Notation für Permutationen.
Data frequencies and probabilities,Combinatorics,E,Ein Blatt mit 5 Karten wird aus einem Kartendeck gezogen. Wie viele unterschiedliche Blätter sind möglich? Verwende die Kombinationsnotation.
Data frequencies and probabilities,Combinatorics,E,"Verwende das Grundprinzip der Zählung, um die Anzahl der Möglichkeiten zu bestimmen, ein Outfit mit 2 Hemden, 3 Hosen und 2 Hüten zusammenzustellen."
Data frequencies and probabilities,Combinatorics,F,"Auf wie viele Arten können der 1., 2. und 3. Preis unter 10 Teilnehmern vergeben werden?"
Data frequencies and probabilities,Combinatorics,F,"Nutze den Pascalschen Dreieck, um die Anzahl der Möglichkeiten zu bestimmen, 3 Gegenstände aus 6 auszuwählen."
Data frequencies and probabilities,Combinatorics,F,"Ein Verein hat 10 Mitglieder. Auf wie viele Arten kannst du einen Präsidenten, einen Vizepräsidenten und einen Sekretär auswählen, wenn der Präsident älter sein muss als der Vizepräsident?"
Data frequencies and probabilities,Combinatorics,F,"Verwende den Pascalschen Dreieck, um die Koeffizienten von (a + b)⁴ aufzulisten."
Data frequencies and probabilities,Combinatorics,G,Ein Binärcode verwendet 6 Ziffern. Wie viele Codes enthalten genau zwei Einsen?
Data frequencies and probabilities,Combinatorics,G,"Verwende das Prinzip der Inklusion und Exklusion: In einer Klasse von 30 Schülern spielen 18 Fußball, 15 Basketball und 10 spielen beide Sportarten. Wie viele Schüler spielen keinen der beiden Sportarten?"
Data frequencies and probabilities,Combinatorics,G,"Ein Graph hat 6 Knoten. Wie viele Kanten sind notwendig, um jedes Knotenpaar zu verbinden (vollständiger Graph)?"
Data frequencies and probabilities,Combinatorics,H,"Verwenden Sie Erzeugende Funktionen, um die Anzahl der ganzzahligen Lösungen für die Gleichung x₁ + x₂ + x₃ = 10 zu bestimmen, wobei xᵢ ≥ 0 ist."
Data frequencies and probabilities,Combinatorics,H,"Von 6 roten und 5 blauen Stiften, wie viele Möglichkeiten gibt es, 3 Stifte auszuwählen, wobei mindestens einer rot sein muss?"
Functional relationships (patterns and structures),Recognising patterns and structures,B,"Was kommt als Nächstes? 2, 4, 6, 8, ___"
Functional relationships (patterns and structures),Recognising patterns and structures,B,"Vervollständige die fehlende Zahl: 5, 10, ___, 20"
Functional relationships (patterns and structures),Recognising patterns and structures,B,"Welcher Zahl bricht die Muster? 2, 4, 6, 9, 10"
Functional relationships (patterns and structures),Recognising patterns and structures,B,"Ist dieses Muster steigend oder fallend? 50, 45, 40, 35"
Functional relationships (patterns and structures),Recognising patterns and structures,B,"Schreibe die nächsten zwei Zahlen: 3, 6, 9, ___, ___"
Functional relationships (patterns and structures),Recognising patterns and structures,B,"Was ist die Regel? 1, 3, 5, 7 → Regel: Addiere ___"
Functional relationships (patterns and structures),Recognising patterns and structures,C,"Finde die Regel: 3 → 6, 4 → 8, 5 → 10, ___ → ___"
Functional relationships (patterns and structures),Recognising patterns and structures,C,"Wenn das Muster „zu 4 subtrahieren“ lautet, was sind die nächsten beiden Zahlen: 40, 36, ___, ___?"
Functional relationships (patterns and structures),Recognising patterns and structures,C,"Was ist die Musterregel? 1, 4, 9, 16, 25..."
Functional relationships (patterns and structures),Recognising patterns and structures,C,"Was ist die fehlende Zahl: 5, 10, ___, 20, 25?"
Functional relationships (patterns and structures),Recognising patterns and structures,D,"Bestimme die gemeinsame Differenz und finde den 10. Term der Folge: 4, 7, 10, 13, …"
Functional relationships (patterns and structures),Recognising patterns and structures,D,"Welches Glied in der Folge 7, 14, 21, 28, … entspricht 105?"
Functional relationships (patterns and structures),Recognising patterns and structures,D,"Finde die allgemeine Formel für die arithmetische Folge: −2, 0, 2, 4, 6, …"
Functional relationships (patterns and structures),Recognising patterns and structures,D,Eine Folge folgt der Regel: T(n) = 3n + 9. Was sind die 4. und 5. Terme?
Functional relationships (patterns and structures),Recognising patterns and structures,E,Finde das 10. Glied der Folge: n² + 2.
Functional relationships (patterns and structures),Recognising patterns and structures,E,"Ordne die Musterregel der Folge zu: A) n+2, B) 2n, C) n² — Welche passt zu 1, 4, 9, 16...?"
Functional relationships (patterns and structures),Recognising patterns and structures,E,"Eine Treppe hat 1 Block auf der ersten Stufe, 2 Blöcke auf der zweiten Stufe, 4 Blöcke auf der dritten Stufe, dann 7, dann 11... Schreibe eine Regel für die Anzahl der Blöcke auf der n-ten Stufe."
Functional relationships (patterns and structures),Recognising patterns and structures,F,"Bestimme die nächsten beiden Zeilen des Pascal-Dreiecks nach der Zeile 1, 4, 6, 4, 1."
Functional relationships (patterns and structures),Recognising patterns and structures,F,"Eine Folge ist definiert durch a₁ = 2, aₙ = aₙ₋₁ + 3n. Bestimme a₄."
Functional relationships (patterns and structures),Recognising patterns and structures,F,"Erkenne das Muster: 1, 4, 9, 16, 25... Welche Art von Folge handelt es sich hier?"
Functional relationships (patterns and structures),Recognising patterns and structures,F,"Eine Folge wächst wie folgt: 1, 1, 2, 3, 5, 8... Was ist der 9. Term?"
Functional relationships (patterns and structures),Recognising patterns and structures,G,"Bestimme, ob 729 als 3^n für eine ganze Zahl n geschrieben werden kann."
Functional relationships (patterns and structures),Recognising patterns and structures,G,"Finde heraus, welches Glied in der Folge 2, 5, 10, 17, 26 den Wert 101 hat."
Functional relationships (patterns and structures),Recognising patterns and structures,G,"Bestimme, ob die Folge 2, 5, 10, 17, 26 einem quadratischen Modell entspricht, und begründe deine Antwort."
Functional relationships (patterns and structures),Recognising patterns and structures,G,"Finde den 20. Term einer Folge, die von einem Startwert von 7 ausgeht und sich um 5 erhöht."
Functional relationships (patterns and structures),Recognising patterns and structures,H,"Eine rekursive Formel ist gegeben durch f(n) = f(n−1) + f(n−2); finde f(6), wenn f(1) = 1 und f(2) = 1."
Functional relationships (patterns and structures),Recognising patterns and structures,H,"Die Folge 81, 27, 9, 3,... ist geometrisch. Zeige Schritt für Schritt, wie man die Summe der Glieder 6 bis 10 mit der Formel für geometrische Reihen berechnet."
Functional relationships (patterns and structures),Allocations and proportionality,B,Jedes Kind erhält einen Bleistift. Wie viele Bleistifte benötigt man für 3 Kinder? ______
Functional relationships (patterns and structures),Allocations and proportionality,B,Ist ein Auto schneller oder langsamer als ein Fahrrad? ______
Functional relationships (patterns and structures),Allocations and proportionality,B,Ist ein Rucksack schwerer oder leichter als ein Federmäppchen? ______
Functional relationships (patterns and structures),Allocations and proportionality,C,"Wenn ein Bleistift 2 Euro kostet, wie viel kosten 4 Bleistifte?"
Functional relationships (patterns and structures),Allocations and proportionality,C,Vervollständige das Verhältnis: 2:4 = 3:___
Functional relationships (patterns and structures),Allocations and proportionality,C,Ein Rezept benötigt 3 Tassen Mehl für 6 Pfannkuchen. Wie viele Tassen Mehl werden für 12 Pfannkuchen benötigt?
Functional relationships (patterns and structures),Allocations and proportionality,C,"Lücken ausfüllen:  
Minuten: 10 | 20 | 30  
Schritte: 100 | ___ | ___"
Functional relationships (patterns and structures),Allocations and proportionality,D,Ein Schüler erzielt 18 von 20 Punkten in einem Test. Wie viele Punkte hat er prozentual auf einer Skala von 100 erreicht?
Functional relationships (patterns and structures),Allocations and proportionality,D,"Wenn 10 Äpfel 2 kg wiegen, wie viel wiegen 25 Äpfel?"
Functional relationships (patterns and structures),Allocations and proportionality,D,Ist die Beziehung y = 3x proportional?
Functional relationships (patterns and structures),Allocations and proportionality,D,"Die Zeit, die benötigt wird, um eine Aufgabe zu erledigen, ist umgekehrt proportional zur Anzahl der Arbeiter. Wenn 3 Arbeiter die Aufgabe in 12 Stunden fertigstellen, wie lange benötigen dann 6 Arbeiter?"
Functional relationships (patterns and structures),Allocations and proportionality,D,Ein Job bezahlt 240 € für 8 Stunden Arbeit. Wie viel verdient man in 5 Stunden bei demselben Stundensatz?
Functional relationships (patterns and structures),Allocations and proportionality,D,Ist der Zusammenhang zwischen Geschwindigkeit und Zeit (bei fester Strecke) eine direkte oder eine inverse Proportionalität? Begründe deine Antwort.
Functional relationships (patterns and structures),Allocations and proportionality,E,"Ein Arbeiter verdient 12 € pro Stunde. Schreibe eine Gleichung in der Form y = kx, um das Gesamteinkommen darzustellen."
Functional relationships (patterns and structures),Allocations and proportionality,E,"Trage die Werte (1, 2), (2, 4), (3, 6), (4, 8) in ein Koordinatensystem ein. Handelt es sich um eine proportionale Beziehung? Bestimme den Wert von k."
Functional relationships (patterns and structures),Allocations and proportionality,E,"Schreibe eine Gleichung in der Form y = kx, wenn 7 Hefte 21 € kosten."
Functional relationships (patterns and structures),Allocations and proportionality,E,"Beschreibe, wie sich der Graph von y = 2x im Vergleich zu y = 0,5x hinsichtlich Steilheit und Bedeutung verhält."
Functional relationships (patterns and structures),Allocations and proportionality,F,"Sechs Drucker arbeiten 5 Stunden am Tag und benötigen dafür 4 Tage, um einen Auftrag abzuschließen. Wie viele Tage würden 10 Drucker brauchen, wenn sie 3 Stunden am Tag arbeiten?"
Functional relationships (patterns and structures),Allocations and proportionality,F,"In einem Labor werden 3 chemische Lösungen im Verhältnis 2:3:5 gemischt. Wenn das Gesamtvolumen 1 Liter beträgt, wie viele mL jeder Lösung werden verwendet?"
Functional relationships (patterns and structures),Allocations and proportionality,F,"Ein Wassertank wird in 12 Minuten mit 3 identischen Wasserhähnen gefüllt. Wie lange würde es dauern, wenn 5 Wasserhähne verwendet werden?"
Functional relationships (patterns and structures),Allocations and proportionality,G,"Zwei Variablen erfüllen die Gleichung y = kx; wenn y = 12 und x = 3, bestimme k und schreibe die Gleichung um."
Functional relationships (patterns and structures),Allocations and proportionality,G,"Eine Grafik verläuft durch die Punkte (0, 0) und (3, 6); bestimme, ob sie Proportionalität zeigt."
Functional relationships (patterns and structures),Allocations and proportionality,H,"Die Größe y variiert gemeinsam mit x und z; wenn y = 24 ist, wenn x = 2 und z = 3, bestimme y, wenn x = 4 und z = 5."
Functional relationships (patterns and structures),Allocations and proportionality,H,"Die Helligkeit einer Glühbirne ist umgekehrt proportional zum Quadrat der Entfernung. Berechne die Helligkeit in 3 m, wenn sie bei 1 m 100 Einheiten beträgt."
Functional relationships (patterns and structures),Linear and other simple functions,B,"Verv complete die Tabelle mit der Regel: addiere 3.  
Eingabe: 1 2 3 4 → Ausgabe: ___ ___ ___ ___"
Functional relationships (patterns and structures),Linear and other simple functions,B,"Wenn die Regel x + 5 lautet, was ist das Ergebnis für x = 7? ______"
Functional relationships (patterns and structures),Linear and other simple functions,B,"Ziehe eine Linie durch die Punkte (1, 3), (2, 4) und (3, 5) in einem Koordinatensystem."
Functional relationships (patterns and structures),Linear and other simple functions,B,"Umarme das Paar, das nicht der Regel x + 3 entspricht: A) (2, 5) B) (4, 7) C) (3, 6) D) (5, 10)"
Functional relationships (patterns and structures),Linear and other simple functions,C,"Vervollständige die Tabelle für die Regel y = x + 3:  
x: 1 | 2 | 3 | 4  
y: ___ | ___ | ___ | ___"
Functional relationships (patterns and structures),Linear and other simple functions,C,"Was ist der Eingabewert, wenn die Regel y = x − 1 lautet und der Ausgabewert 6 ist?"
Functional relationships (patterns and structures),Linear and other simple functions,C,"Vervollständige: Wenn y = x × 3, dann ist x = 4 → y = ___"
Functional relationships (patterns and structures),Linear and other simple functions,C,"Eine Funktionsmaschine multipliziert die Eingabe mit 4 und addiert dann 1. Was ist das Ergebnis, wenn die Eingabe 2 ist?"
Functional relationships (patterns and structures),Linear and other simple functions,C,"Wenn y = x − 5 ist, bestimme y für x = 11."
Functional relationships (patterns and structures),Linear and other simple functions,D,"Bestimme die Steigung der Geraden, die durch die Punkte (2, 3) und (6, 7) verläuft."
Functional relationships (patterns and structures),Linear and other simple functions,D,Bestimme den y-Achsenabschnitt der Geraden y = −2x + 7.
Functional relationships (patterns and structures),Linear and other simple functions,D,Gegeben sind zwei Linien: y = 2x + 3 und y = 2x - 1. Sind diese parallel? Begründe deine Antwort.
Functional relationships (patterns and structures),Linear and other simple functions,D,"Zeichne die Gerade y = -x + 4, indem du die Steigung und den y-Achsenabschnitt bestimmst."
Functional relationships (patterns and structures),Linear and other simple functions,D,Schreibe die Gleichung einer Geraden mit der Steigung 3 und dem y-Achsenabschnitt 5 in der Form y = mx + b.
Functional relationships (patterns and structures),Linear and other simple functions,E,"Eine Wertetabelle zeigt: (1, 5), (2, 10), (3, 15). Schreibe die Gleichung auf und interpretiere die Steigung."
Functional relationships (patterns and structures),Linear and other simple functions,E,Grafiziere die Gleichung y = 2x - 1 für x = -2 bis x = 3.
Functional relationships (patterns and structures),Linear and other simple functions,E,Eine Funktion ist definiert als f(x) = x/2 – 3. Was ist f(6)?
Functional relationships (patterns and structures),Linear and other simple functions,E,"Ein Radfahrer fährt 15 km in 1 Stunde, 30 km in 2 Stunden und 45 km in 3 Stunden. Handelt es sich hierbei um eine lineare Beziehung? Formuliere die Regel."
Functional relationships (patterns and structures),Linear and other simple functions,E,Grafiére die Funktion y = |x|. Wie unterscheidet sich ihre Form und Symmetrie von der Funktion y = x²?
Functional relationships (patterns and structures),Linear and other simple functions,E,Welche Funktion wächst schneller: y = 3x oder y = x²? Überprüfe dies für x = 1 bis 5.
Functional relationships (patterns and structures),Linear and other simple functions,E,"Die Funktion y = x² beschreibt die Fläche eines Quadrats mit der Seitenlänge x. Zeichne die Gleichung in ein Koordinatensystem und ermittle anhand des Graphen die Werte von y für x = 1, 2, 3, 4."
Functional relationships (patterns and structures),Linear and other simple functions,F,Übersetze die Funktion y = x² um drei Einheiten nach links und zwei Einheiten nach unten. Wie lautet die neue Gleichung?
Functional relationships (patterns and structures),Linear and other simple functions,F,"Bestimme, ob die folgende Tabelle eine lineare Funktion darstellt: x: 1, 2, 3, 4 | y: 2, 4, 8, 16"
Functional relationships (patterns and structures),Linear and other simple functions,F,"Der Graph von y = f(x) wird um 3 Einheiten nach oben verschoben, um die Funktion y = f(x) + 3 zu bilden. Wenn f(x) = 2x – 4 ist, schreibe die neue Gleichung auf."
Functional relationships (patterns and structures),Linear and other simple functions,F,Eine Bevölkerung wächst über einen Zeitraum von 10 Jahren linear von 200 auf 500. Eine andere Bevölkerung wächst exponentiell und verdoppelt sich alle 5 Jahre von 200. Welche Bevölkerung ist nach 15 Jahren größer?
Functional relationships (patterns and structures),Linear and other simple functions,G,"Bestimme die Gleichung einer Geraden mit der Steigung 4, die durch den Punkt (1, –2) verläuft."
Functional relationships (patterns and structures),Linear and other simple functions,G,"Bestimme, ob die Gerade y = 2x + 1 parallel zur Geraden y = 2x - 4 ist."
Functional relationships (patterns and structures),Linear and other simple functions,G,"Skizziere die stückweise definierte Funktion f(x) = x für x < 2, f(x) = 3 für x ≥ 2."
Functional relationships (patterns and structures),Linear and other simple functions,H,"Die Gerade y = 5x + b verläuft durch den Punkt (2, 11). Bestimme den Wert von b."
Functional relationships (patterns and structures),Linear and other simple functions,H,Bestimme den Definitionsbereich und den Wertebereich der rationalen Funktion f(x) = (3x + 2) / (x - 1).
Functional relationships (patterns and structures),Linear and other simple functions,H,Skizziere den Graphen der Exponentialfunktion f(x) = eˣ − 2 und beschreibe das Verhalten des Graphen für große Werte von x.
Functional relationships (patterns and structures),Linear and other simple functions,H,"Berechne die Fläche unter der Kurve f(x) = 2x im Intervall von x = 1 bis x = 4. Zeige alle Rechenschritte, die zur Berechnung des bestimmten Integrals notwendig sind."
Functional relationships (patterns and structures),Linear and other simple functions,H,"Verwende den ersten Ableitungstest, um zu bestimmen, wo die Funktion f(x) = x⁴ − 8x² steigt und fällt."
Functional relationships (patterns and structures),Linear and other simple functions,H,Bestimme die x-Achsen-Schnitte und die Asymptoten der logarithmischen Funktion f(x) = ln(x − 2).
Functional relationships (patterns and structures),Equations and algebra,B,Mache beide Seiten gleich: 5 + 5 = ___ + 4
Functional relationships (patterns and structures),Equations and algebra,B,Vervollständige die Gleichung: 5 + ___ = 12
Functional relationships (patterns and structures),Equations and algebra,B,"Ich hatte x Äpfel. Ich habe 3 dazu bekommen, jetzt habe ich 7. Was ist x? ______"
Functional relationships (patterns and structures),Equations and algebra,B,Mia hat x Plätzchen gebacken. Sie hat 4 davon verschenkt und hatte noch 6 übrig. Wie viel sind x? ______
Functional relationships (patterns and structures),Equations and algebra,B,"Wenn x = 7, was ist x – 3? ______"
Functional relationships (patterns and structures),Equations and algebra,C,Finde x: x + 5 = 12
Functional relationships (patterns and structures),Equations and algebra,C,Welcher Wert für x macht folgende Gleichung wahr: x ÷ 3 = 4?
Functional relationships (patterns and structures),Equations and algebra,C,"Wenn x = 2, löse: x + 4 = ___"
Functional relationships (patterns and structures),Equations and algebra,C,Verv complete die Gleichung: x + x = 16
Functional relationships (patterns and structures),Equations and algebra,D,Löse die Gleichung: 2x + 3 = 11
Functional relationships (patterns and structures),Equations and algebra,D,Löse: 4(x − 2) = 12
Functional relationships (patterns and structures),Equations and algebra,D,Vereinfache 2x + 3x = 5x.
Functional relationships (patterns and structures),Equations and algebra,D,Finde den fehlenden Wert: 2x = x + 6
Functional relationships (patterns and structures),Equations and algebra,E,Finde x: 5(x – 1) = 3x + 7
Functional relationships (patterns and structures),Equations and algebra,E,Löse das folgende Gleichungssystem: x + y = 10 und x – y = 2.
Functional relationships (patterns and structures),Equations and algebra,E,"Eine Kinokarte kostet €x für Erwachsene und €y für Schüler. Wenn 3 Erwachsene und 2 Schüler insgesamt €40 bezahlen und 1 Erwachsener und 3 Schüler €30 bezahlen, finde x und y."
Functional relationships (patterns and structures),Equations and algebra,E,"Zwei lineare Funktionen sind gegeben durch: f(x) = 2x + 1 und g(x) = –x + 7. Finde den x-Wert, an dem f(x) = g(x) und interpretiere das Ergebnis graphisch."
Functional relationships (patterns and structures),Equations and algebra,F,Löse die folgende Gleichung: 2x² + 5x + 3 = 0 durch Faktorisierung.
Functional relationships (patterns and structures),Equations and algebra,F,Vereinfache: 3(x + 2) – 2(2x – 1)
Functional relationships (patterns and structures),Equations and algebra,F,"Nutze die Mitternachtsformel, um zu lösen: x² + 6x + 1 = 0"
Functional relationships (patterns and structures),Equations and algebra,G,Vereinfache: (3x² – 2x + 1) – (x² + 4x – 5)
Functional relationships (patterns and structures),Equations and algebra,G,Löse die Ungleichung: 5 – 2x > 3
Functional relationships (patterns and structures),Equations and algebra,H,Löse die folgende Gleichung: x⁴ − 5x² + 4 = 0
Functional relationships (patterns and structures),Equations and algebra,H,Schreibe x³ − 27 als Produkt von Faktoren.
Functional relationships (patterns and structures),Equations and algebra,H,Löse die Gleichung mit Brüchen: (x÷2) + (1÷3) = (5÷6)
Functional relationships (patterns and structures),Equations and algebra,H,"Schreibe den Bruch 3⁄(2 + √5) um, sodass der Nenner keinen Quadratwurzel enthält."
Functional relationships (patterns and structures),Other functional relationships,B,"Wenn du die Zahl 2 verdoppelst und dann erneut verdoppelst, welche Zahl erhältst du?"
Functional relationships (patterns and structures),Other functional relationships,C,Vervollständige die Lücken: x: 1 | 2 | 3 | 4 | 5 → y: 2 | 4 | 8 | 16 | ___
Functional relationships (patterns and structures),Other functional relationships,C,"Vervcomplete das Muster: 1, 4, 9, 16, ___, ___ (Hinweis: Quadratzahlen)"
Functional relationships (patterns and structures),Other functional relationships,D,"Erkenne  das Muster: y = 2^x"
Functional relationships (patterns and structures),Other functional relationships,D,Welches Diagramm zeigt exponentielles Wachstum: y = 2^x oder y = x + 2?
Functional relationships (patterns and structures),Other functional relationships,D,"Welcher Funktionstyp liegt bei der Funktion y = 3^x vor – linear, quadratisch oder exponential?"
Functional relationships (patterns and structures),Other functional relationships,D,"Skizziere oder beschreibe, wie sich der Graph von y = x² von dem Graphen von y = 2x unterscheidet."
Functional relationships (patterns and structures),Other functional relationships,E,"Ein Sparkonto bietet 4 % Zinsen, die jährlich verzinst werden. Wenn du 1.000 € einzahlst, wie viel Geld ist nach 3 Jahren auf dem Konto? Verwende die Formel A = P(1 + r)ⁿ."
Functional relationships (patterns and structures),Other functional relationships,E,"Eine Funktion ist gegeben als y = 100(0,85)ˣ. Handelt es sich um exponentielles Wachstum oder um exponentiellen Zerfall? Begründe deine Antwort."
Functional relationships (patterns and structures),Other functional relationships,E,"Vervollständige die Tabelle für y = √x, für x = 0, 1, 4, 9, 16."
Functional relationships (patterns and structures),Other functional relationships,E,"Bestimme, ob die Funktion y = 1/x² Wachstum, Zerfall oder keins von beidem darstellt, wenn x → ∞. Begründe deine Antwort."
Functional relationships (patterns and structures),Other functional relationships,F,"Bestimme y = 1/x für x = 0,5; 1; 2; 4. Was passiert mit y, wenn x größer wird?"
Functional relationships (patterns and structures),Other functional relationships,F,"Verwende einen Taschenrechner, um x näherungsweise zu berechnen, wenn 3^x = 20"
Functional relationships (patterns and structures),Other functional relationships,F,Ein Isotop hat eine Halbwertszeit von 6 Stunden. Wie viel bleibt von 200 g nach 18 Stunden übrig?
Functional relationships (patterns and structures),Other functional relationships,F,Zeichne die Funktion y = –1/x und beschreibe ihre Symmetrie.
Functional relationships (patterns and structures),Other functional relationships,G,"Bestimme, ob die Funktion f(x) = √(x – 1) für x = 0 definiert ist."
Functional relationships (patterns and structures),Other functional relationships,G,Löse die folgende Gleichung: log₂(x) = 4
Functional relationships (patterns and structures),Other functional relationships,G,"Berechne sin(30°), cos(60°) und tan(45°)."
Functional relationships (patterns and structures),Other functional relationships,G,Löse das Gleichungssystem: y = x² und y = 2x + 3.
Functional relationships (patterns and structures),Other functional relationships,G,"Bestimme die Intervalle, in denen f(x) = x² – 4x ansteigend ist."
Functional relationships (patterns and structures),Other functional relationships,G,"Wenn f(x) = x² + 2 und g(x) = x – 1, berechne (f ∘ g)(3)."
Functional relationships (patterns and structures),Other functional relationships,H,Vereinfache: log₂(32) + log₂(4)
Functional relationships (patterns and structures),Other functional relationships,H,Bestimme die x-Achsenabschnitte von f(x) = (x − 1)(x + 2)(x − 3)
Functional relationships (patterns and structures),Other functional relationships,H,"Wenn g(x) = √x und h(x) = x + 2 ist, bestimme die Zusammensetzung g(h(x))."
Functional relationships (patterns and structures),Other functional relationships,H,"Bestimme den Wert von y, wenn y = x² + ln(x) und x = 2."
Functional relationships (patterns and structures),Other functional relationships,H,Löse die Gleichung nach x auf: log₃(x − 1) = 2
